mutation_name,A01,A03,A04,A05,A06,A07,A08,A09,A10,A11,A12,B01,B03,B04,B05,B06,B07,B08,B09,B10,B11,B12,C01,C02,C03,C04,C05,C06,C07,C08,C09,C10,C11,C12,D01,D02,D03,D04,D05,D06,D07,D08,D09,D10,D11,D12,E01,E02,E03,E04,E05,E06,E07,E08,E09,E10,E11,E12,F01,F02,F03,F04,F05,F06,F07,F08,F09,F10,F11,F12,G01,G02,G03,G04,G05,G06,G07,G08,G09,G10,G11,G12,H01,H02,H03,H04,H05,H06,H07,H08,H09,H10,H11,H12,A02,B02
"AGG83AGA, CTG84TTA",0.0,0.0,0.0,0.0,0.0,0.0,0.0,0.0,0.05104408352668210,0.0,0.0,0.0,0.0,0.040833687792428800,0.0,0.21147748890298000,0.0,0.0,0.011241696474195200,0.0,0.15335463258785900,0.045871559633027500,0.27371273712737100,0.11678832116788300,0.05365853658536590,0.020061203672220300,0.09131034482758620,0.0,0.0,0.13466787989081000,0.0,0.052011776251226700,0.0,0.19878997407087300,0.0,0.07370283018867930,0.0,0.14961915125136000,0.0,0.0,0.0,0.0,0.2646551724137930,0.0,0.0,0.017699115044247800,0.0,0.0,0.0,0.24888888888888900,0.0,0.10388023220287200,0.0,0.3129370629370630,0.0,0.0,0.0,0.014285714285714300,0.0,0.0,0.0,0.02466251298027000,0.0,0.0,0.0,0.0,0.014357262103505800,0.0,0.0,0.0,0.0,0.047961630695443600,0.0,0.022595596755504100,0.030303030303030300,0.0,0.0,0.11239078633836400,0.11121239744758400,0.014492753623188400,0.0,0.22580645161290300,0.0,0.0,0.12646370023419200,0.0,0.0,0.0,0.0,0.006657789613848200,0.0,0.14285714285714300,0.0,0.0,0,0
AGG83CGC,0.0,0.0,0.0,0.0,0.06070287539936100,0.0,0.08221024258760110,0.0,0.0,0.0,0.0,0.0,0.11183597390493900,0.06082518077413870,0.0,0.03772986683576410,0.0,0.0,0.0,0.0,0.0,0.0,0.016260162601626000,0.0,0.0,0.0006800408024481470,0.03144827586206900,0.0,0.0,0.05004549590536850,0.059695669137729200,0.01995420346745180,0.0,0.0,0.0,0.21992924528301900,0.08673158855751670,0.0,0.03197925669835780,0.037132987910190000,0.0,0.0367678495083369,0.0,0.0,0.0,0.0,0.0,0.10698365527488900,0.0,0.0,0.1935135135135140,0.05591200733272230,0.0,0.0,0.0,0.0,0.0,0.0,0.0,0.0,0.0,0.0,0.11855324849296700,0.0,0.0,0.0,0.0,0.02832415420928400,0.0,0.02040816326530610,0.0,0.0,0.06246949731576380,0.13962920046349900,0.07636363636363640,0.018481317798312600,0.0,0.0,0.0,0.0,0.0,0.0967741935483871,0.0,0.0,0.0,0.08950617283950620,0.0,0.0380952380952381,0.0,0.023968042609853500,0.01744186046511630,0.0,0.0,0.0,0,0
"ATT78ATC, GTT79GTG",0.0,0.14893617021276600,0.0,0.0,0.09052183173588930,0.004849660523763340,0.1091644204851750,0.0,0.0,0.0,0.0,0.0,0.1500465983224600,0.0,0.035103785103785100,0.06277742549143940,0.0,0.20902122641509400,0.1599386816555950,0.020883534136546200,0.0,0.06422018348623850,0.16711833785004500,0.05685747214752210,0.15840821566110400,0.046242774566474000,0.06648275862068970,0.0,0.07324032974001270,0.0397330906885047,0.05657432696059310,0.019299967288191000,0.0,0.18063958513396700,0.019128586609989400,0.0,0.0,0.055495103373231800,0.014693171996542800,0.08491652274035690,0.06096175691026130,0.03206498503634030,0.06551724137931040,0.09467195068251870,0.0,0.07669616519174040,0.27297297297297300,0.06488360574541850,0.048876745598057100,0.0669281045751634,0.0,0.0717995722578674,0.03035413153457000,0.0,0.0,0.0,0.13056206088993000,0.031092436974789900,0.0,0.1871508379888270,0.0,0.0,0.03583389149363700,0.03838976272993870,0.033665105386416900,0.07187222715173030,0.02971619365609350,0.0,0.040096230954290300,0.0,0.0,0.0,0.0,0.0,0.05818181818181820,0.0,0.26620516047828800,0.18030182684670400,0.044667274384685500,0.04485852311939270,0.0,0.0,0.0,0.0,0.09133489461358310,0.0,0.0,0.04285714285714290,0.016129032258064500,0.11051930758988000,0.11337209302325600,0.0,0.13274336283185800,0.0,0,0
"ATT78ATC, GTT79GTG, AGG83AGA",0.0,0.0,0.01932367149758450,0.138763197586727,0.0,0.1096023278370510,0.0,0.05273069679849340,0.15777262180974500,0.0,0.0,0.0,0.0,0.02211824755423220,0.026556776556776600,0.0849714648065948,0.0,0.0,0.0,0.06305220883534140,0.0,0.0,0.1860885275519420,0.0,0.0,0.007480448826929620,0.0,0.0,0.0865567533291059,0.0,0.07023019898556380,0.0,0.0,0.0,0.08023379383634430,0.0,0.0,0.20157780195865100,0.0,0.0,0.044301400984475600,0.0,0.11508620689655200,0.0,0.05024088093599450,0.0,0.02702702702702700,0.0,0.0,0.048104575163398700,0.0,0.0,0.0,0.0,0.08921330089213300,0.0,0.0,0.0,0.0,0.0,0.0,0.0,0.0,0.0,0.20081967213114800,0.05885832593907130,0.030383973288814700,0.05979543666404410,0.0,0.0,0.0,0.328537170263789,0.0,0.0,0.009696969696969700,0.02892728003214140,0.0,0.0,0.08432087511394710,0.15734989648033100,0.0,0.0967741935483871,0.0,0.0,0.05620608899297420,0.027777777777777800,0.0,0.09523809523809520,0.07142857142857140,0.0,0.0,0.0,0.11061946902654900,0.0,0,0
"CAC82CAT, AGG83AGA",0.0,0.06382978723404260,0.0,0.0,0.0,0.05140640155189140,0.0,0.0,0.0,0.0,0.0,0.0,0.0,0.0,0.0,0.0,0.0,0.0,0.0,0.0,0.0,0.0,0.0,0.0,0.0,0.0,0.0,0.0,0.0,0.0,0.012875536480686700,0.013411841674844600,0.0,0.0,0.06588735387885230,0.0,0.0,0.16702937976060900,0.0,0.025043177892918800,0.0,0.0,0.03620689655172410,0.0,0.0,0.014749262536873200,0.0,0.07478949975235270,0.15027322404371600,0.0,0.0,0.0,0.0,0.0,0.0,0.0,0.0,0.0,0.0,0.0670391061452514,0.30938833570412500,0.0,0.0,0.0,0.10743559718969600,0.059154096421177200,0.032387312186978300,0.0,0.0,0.28061224489795900,0.0,0.2,0.0,0.0,0.06121212121212120,0.05584572117316190,0.0,0.015488482922954700,0.0,0.010351966873706000,0.0,0.06451612903225810,0.0,0.0,0.04215456674473070,0.0,0.0,0.05238095238095240,0.0,0.03595206391478030,0.040697674418604700,0.0,0.0,0.0,0,0
CGC80AGA,0.0,0.12056737588652500,0.0,0.1493212669683260,0.0,0.0,0.026954177897574100,0.0,0.0,0.0,0.0,0.0,0.12954333643988800,0.0,0.057387057387057400,0.0,0.0,0.2261202830188680,0.0,0.0,0.0,0.22935779816513800,0.0,0.0,0.026700898587933200,0.011900714042842600,0.09158620689655170,0.09709255801547080,0.017755231452124300,0.05034880194115860,0.12056184159188500,0.0,0.0,0.0,0.0,0.0,0.04747413268411440,0.08161044613710560,0.0,0.023316062176165800,0.0,0.2099187687045750,0.11767241379310300,0.0,0.0,0.0,0.04054054054054050,0.16988608221892000,0.08257437765634490,0.01934640522875820,0.0,0.0,0.18887015177065800,0.0,0.0,0.13477619281849500,0.05035128805620610,0.0,0.0,0.0,0.022996680891417700,0.03556593977154730,0.019089082384460800,0.022927219408157800,0.0,0.0,0.0,0.12549173878835600,0.0,0.05612244897959180,0.0,0.0,0.0,0.08690614136732330,0.09515151515151520,0.02571313780634790,0.0,0.0,0.0,0.0,0.0,0.0,0.0,0.0,0.0,0.015432098765432100,0.0,0.023809523809523800,0.0,0.0,0.0,0.0,0.0,0.14814814814814800,0,0
"CGC80AGA, AGG83AGA",0.0,0.0,0.0821256038647343,0.0,0.0926517571884984,0.0,0.0,0.0,0.0,0.0,0.0,0.0,0.0,0.1310080816673760,0.0,0.0,0.0,0.0,0.0,0.0,0.0,0.0,0.0,0.0,0.0,0.04114246854811290,0.0,0.039477193918378200,0.11572606214331000,0.07218683651804670,0.01404603979711280,0.0,0.0,0.0,0.0,0.0,0.0,0.0,0.0,0.0,0.0,0.0,0.13189655172413800,0.0,0.0,0.02654867256637170,0.0,0.0,0.0,0.0,0.0,0.0,0.0,0.0,0.0,0.0,0.06440281030444970,0.04789915966386560,0.0,0.0,0.0,0.1703011422637590,0.1885465505693240,0.0,0.08870023419203750,0.015971606033717800,0.07378964941569280,0.0,0.044105854049719300,0.0,0.0,0.0,0.1054172767203510,0.0,0.0,0.0,0.14317180616740100,0.0726767275615568,0.023701002734731100,0.0,0.0,0.0,0.0,0.0,0.02810304449648710,0.0,0.0,0.03333333333333330,0.10714285714285700,0.24500665778961400,0.0,0.0,0.0,0.0,0,0
"CGC80CGG, TTT81TTC",0.0,0.0,0.0,0.0,0.06496272630457940,0.0,0.0,0.1374764595103580,0.0,0.0,0.0,0.0,0.0,0.0,0.0,0.0,0.11079764042062100,0.05336084905660380,0.0,0.11164658634538200,0.0,0.0,0.0,0.12831348444103000,0.09114249037227220,0.0051003060183611000,0.0,0.011469725260069400,0.0,0.0,0.05111197815060480,0.0,0.0,0.029386343993085600,0.0,0.0,0.0,0.0,0.0,0.0,0.0,0.03463018383924750,0.0,0.11008366358432400,0.0,0.0,0.0,0.0,0.0,0.0,0.05297297297297300,0.0,0.0,0.0673076923076923,0.0,0.15346778160354200,0.0,0.13445378151260500,0.0,0.0,0.0,0.0,0.0,0.0,0.0,0.0,0.0,0.0,0.0,0.0,0.0,0.0,0.09907271839921910,0.009269988412514480,0.0,0.04981920449979910,0.0,0.0,0.06381039197812220,0.0,0.0,0.22580645161290300,0.0,0.04477611940298510,0.0,0.05246913580246910,0.0,0.0380952380952381,0.0,0.0,0.0,0.0,0.030973451327433600,0.0,0,0
"CGC80CGG, TTT81TTC, AGG83AGA",0.0,0.0,0.0,0.02564102564102560,0.0,0.0,0.02425876010781670,0.09416195856873820,0.0,0.2222222222222220,0.0,0.0,0.0,0.0,0.0,0.06626506024096390,0.0,0.0,0.0,0.19116465863453800,0.3075079872204470,0.01834862385321100,0.0,0.0,0.162002567394095,0.0,0.0,0.0,0.0,0.0,0.0,0.02453385672227670,0.0,0.043215211754537600,0.028692879914984100,0.0,0.11077297626293400,0.0,0.05646787669259580,0.0,0.0,0.022231722958529300,0.0,0.0,0.02477632484514800,0.0,0.0,0.0,0.3075288403157260,0.0,0.0,0.0,0.0,0.0,0.03203568532035690,0.0,0.0,0.0,0.0,0.0,0.0,0.0,0.0,0.0,0.04566744730679160,0.0961254066844129,0.0,0.0,0.0,0.0,0.0,0.0,0.3958028306490970,0.06836616454229430,0.0,0.0,0.0,0.0,0.0,0.14699792960662500,0.0,0.0,0.0,0.011194029850746300,0.0351288056206089,0.0,0.0,0.0,0.0,0.03062583222370170,0.0,0.05714285714285710,0.0,0.0,0,0
"CGC80CGT, TTT81TTC",0.0,0.0,0.0,0.0,0.0,0.0,0.0,0.0,0.06960556844547560,0.0,0.0,0.0,0.10624417520969200,0.12803062526584400,0.09432234432234430,0.0,0.08181585021800460,0.009433962264150940,0.0,0.0,0.0,0.09174311926605510,0.0,0.042258932001536700,0.0,0.0013600816048962900,0.07227586206896550,0.0,0.0,0.025781013042159500,0.0,0.0,0.0,0.09939498703543650,0.0,0.01474056603773590,0.0,0.0573993471164309,0.0,0.0,0.0,0.0,0.0,0.0,0.0,0.0,0.0,0.022783556215948500,0.0,0.0,0.0,0.05255117629086470,0.01911186059584040,0.0,0.033657745336577500,0.0,0.0,0.0,0.0,0.0,0.10502607871028900,0.0,0.09109176155391830,0.0,0.09484777517564400,0.04081632653061220,0.0333889816360601,0.0,0.0,0.0,0.0,0.0,0.0,0.059675550405562000,0.0,0.0,0.0,0.012311358220810200,0.0,0.0,0.0,0.0,0.0,0.007462686567164180,0.0,0.0,0.0,0.0,0.0576036866359447,0.0,0.10465116279069800,0.3142857142857140,0.0,0.0,0,0
"CGC80CGT, TTT81TTC, AGG83AGA",0.0,0.14893617021276600,0.0,0.05128205128205130,0.16826411075612400,0.0,0.0,0.07344632768361580,0.0,0.08888888888888890,0.0,0.0,0.0,0.0,0.11141636141636100,0.04914394419784400,0.0,0.02152122641509430,0.011752682677567700,0.0,0.036741214057508000,0.0,0.0,0.21283134844410300,0.10166880616174600,0.06562393743624620,0.0,0.10829554547879400,0.04121750158528850,0.0,0.02145922746781120,0.0,0.0,0.12013828867761500,0.09564293304994690,0.0,0.0,0.0,0.06309420916162490,0.02677029360967190,0.020825444907232100,0.0,0.0,0.0,0.038540949759119100,0.0,0.14324324324324300,0.04507181773155030,0.0,0.0,0.0,0.1860678276810270,0.0,0.0,0.0,0.0,0.0,0.0,0.0,0.0,0.0,0.020249221183800600,0.0,0.0,0.0,0.016563146997929600,0.08647746243739570,0.0,0.0,0.0,0.0,0.0,0.0,0.0,0.05272727272727270,0.0,0.04782882315921960,0.0,0.020966271649954400,0.0,0.0,0.0,0.0,0.014925373134328400,0.02576112412177990,0.0,0.0,0.0,0.0,0.0,0.0,0.0,0.06637168141592920,0.0,0,0
F81A,0.0,0.0,0.0,0.0,0.0,0.0,0.0,0.0,0.0,0.0,0.0,0.0,0.0,0.0,0.0,0.0,0.0,0.0,0.0,0.0,0.0,0.0,0.0,0.0,0.0,0.0,0.0,0.0,0.0,0.0,0.0,0.0,0.0,0.0,0.0,0.0,0.0,0.0,0.0,0.0,0.0,0.0,0.0,0.0,0.0,0.0,0.0,0.0,0.0,0.0,0.0,0.0,0.0,0.0,0.0,0.0,0.0,0.0,0.0,0.0,0.0,0.0,0.0,0.0,0.0,0.0,0.0,0.0,0.0,0.0,0.0,0.0,0.0,0.0,0.0,0.0,0.0,0.0,0.0,0.0,0.0,0.0,0.0,0.0,0.0,0.0,0.0,0.0,0.009216589861751150,0.0,0.0,0.0,0.0,0.0,0,0
F81I,0.0,0.03546099290780140,0.34782608695652200,0.03167420814479640,0.0,0.2618816682832200,0.0673854447439353,0.015065913370998100,0.03480278422273780,0.0,0.0,0.07659574468085110,0.20829450139795000,0.18928115695448700,0.0,0.0,0.20774557578866400,0.013856132075471700,0.0,0.05060240963855420,0.0694888178913738,0.01834862385321100,0.0,0.032270457164809800,0.014890885750962800,0.30907854471268300,0.0,0.0,0.034559289790741900,0.0,0.19859539602028900,0.13444553483807700,0.46153846153846200,0.0,0.2736450584484590,0.0,0.0,0.0,0.0,0.0,0.14464218099204800,0.08550662676357420,0.04482758620689660,0.0,0.20853406744666200,0.41002949852507400,0.04594594594594600,0.0,0.0,0.23816993464052300,0.2028828828828830,0.0,0.06267566048341770,0.05827505827505830,0.10746147607461500,0.0,0.0936768149882904,0.0,0.0,0.04795158286778400,0.059743954480796600,0.13136033229491200,0.09845947756195580,0.04932018128499070,0.0,0.043478260869565200,0.19298831385642700,0.0,0.0,0.0,0.0,0.0,0.09077598828696930,0.03707995365005790,0.0496969696969697,0.20490156689433500,0.051604782882315900,0.0,0.0,0.016563146997929600,0.0,0.0,0.0,0.23134328358209000,0.13817330210772800,0.19444444444444400,0.0,0.09047619047619050,0.020737327188940100,0.0,0.06686046511627910,0.0,0.0,0.37037037037037000,0,0
H82A,0.0,0.0,0.00966183574879227,0.0,0.0,0.0,0.025606469002695400,0.0,0.0,0.044444444444444400,0.0,0.0,0.0,0.0,0.0,0.14299302473050100,0.0,0.0,0.05365355135411340,0.0,0.0,0.0,0.0930442637759711,0.0,0.0,0.04896293777626660,0.0,0.0712189917311283,0.0,0.0,0.0,0.025842329080798200,0.0,0.0,0.06801275239107330,0.0,0.0,0.015505984766050100,0.0,0.09527921704087510,0.14009844755774300,0.01838392475416850,0.0,0.0,0.03785271851342050,0.0,0.043243243243243200,0.03516592372461620,0.01366120218579240,0.0645751633986928,0.0,0.0,0.07925801011804380,0.0,0.0,0.0,0.0,0.0,0.0,0.11871508379888300,0.0,0.009345794392523360,0.035164099129269900,0.0,0.058255269320843100,0.0,0.0,0.0959874114870181,0.0,0.0,0.0,0.0,0.0,0.0,0.0,0.0,0.040591567023285100,0.0,0.0,0.0,0.0,0.0,0.0,0.0,0.0,0.2345679012345680,0.0,0.023809523809523800,0.07603686635944700,0.0,0.02616279069767440,0.0,0.0,0.0,0,0
I78V,0.0,0.0,0.12560386473430000,0.05731523378582200,0.04046858359957400,0.05140640155189140,0.022911051212938000,0.0,0.0,0.044444444444444400,0.0,0.0,0.0,0.031901318587835000,0.0,0.0,0.16901769684534500,0.08077830188679250,0.05518650996423100,0.0,0.10143769968051100,0.0,0.0,0.0,0.04801026957638000,0.0017001020061203700,0.0496551724137931,0.12963456921845800,0.0,0.0694570821959357,0.0,0.0,0.0,0.012100259291270500,0.0,0.0,0.06877662811929400,0.0,0.0,0.13212435233160600,0.022340022718667200,0.0,0.0,0.0,0.029593943565037900,0.07079646017699120,0.010810810810810800,0.0,0.0,0.02431372549019610,0.03927927927927930,0.040024442407577100,0.26559865092748700,0.027972027972028000,0.17964314679643100,0.11903590752582400,0.0,0.06470588235294120,0.0,0.018156424581005600,0.0,0.0,0.0,0.0946414289522794,0.0,0.0,0.05008347245409020,0.04012588512981900,0.1467522052927030,0.04591836734693880,0.0,0.16211031175060000,0.06734992679355780,0.0,0.0,0.0,0.10604153555695400,0.04805401111993650,0.06289881494986330,0.0,0.0,0.0,0.0,0.029850746268656700,0.01873536299765810,0.0,0.0,0.0,0.0771889400921659,0.0,0.0,0.0,0.09734513274336280,0.0,0,0
I78del,0.0,0.0,0.0,0.0,0.0,0.0,0.0,0.0,0.0,0.0,0.0,0.0,0.0,0.0,0.0,0.0,0.0,0.0,0.0,0.0,0.0,0.0,0.0,0.0,0.0,0.003740224413464810,0.0,0.0,0.0,0.0,0.0,0.0,0.0,0.0,0.0,0.0,0.0,0.0,0.0,0.0,0.0,0.0,0.0,0.0,0.0,0.0,0.0,0.0,0.0,0.0,0.0,0.0,0.0,0.0,0.0,0.0,0.0,0.0,0.0,0.0,0.0,0.0,0.0,0.0,0.0,0.0,0.0,0.0,0.0,0.0,0.0,0.0,0.0,0.0,0.0,0.0,0.0,0.0,0.0,0.0,0.0,0.0,0.0,0.0,0.0,0.0,0.0,0.0,0.0,0.0,0.0,0.0,0.0,0.0,0,0
R80A,0.0,0.07092198581560280,0.10628019323671500,0.0,0.24281150159744400,0.13773035887487900,0.20619946091644200,0.0,0.04408352668213460,0.26666666666666700,0.0,0.0,0.06663560111835970,0.03700552956188860,0.029914529914529900,0.0,0.09156193895870740,0.03036556603773590,0.2457843638221770,0.3377510040160640,0.18849840255591100,0.06422018348623850,0.0,0.1409911640414910,0.10706033376123200,0.0,0.11089655172413800,0.06775140037343290,0.20481927710843400,0.0,0.0015606710885680800,0.056591429506051700,0.0,0.04840103716508210,0.08342189160467590,0.11261792452830200,0.14242239805234300,0.0,0.34024776721405900,0.051525618883131800,0.3241196516471030,0.012825994014536100,0.021551724137931000,0.22236900044033500,0.24088093599449400,0.0,0.01891891891891890,0.16146607231302600,0.0,0.0,0.018378378378378400,0.0,0.0,0.03409090909090910,0.21289537712895400,0.09394982784062960,0.01756440281030450,0.01764705882352940,0.0,0.040502793296089400,0.16145092460881900,0.009086188992731050,0.13998660415271300,0.3145827779258860,0.13348946135831400,0.10736468500443700,0.0974958263772955,0.2108575924468920,0.03127506014434640,0.27040816326530600,0.0,0.0,0.016105417276720400,0.0,0.19515151515151500,0.08798714343109680,0.0,0.278395552025417,0.04102096627165000,0.0,0.0,0.0,0.0,0.1044776119402990,0.117096018735363,0.07407407407407410,0.0,0.12380952380952400,0.1382488479262670,0.13315579227696400,0.08139534883720930,0.05714285714285710,0.030973451327433600,0.18518518518518500,0,0
R83A,0.5833333333333330,0.05673758865248230,0.028985507246376800,0.11463046757164400,0.0,0.0,0.057951482479784400,0.15254237288135600,0.027842227378190300,0.0,0.0,0.0,0.0260950605778192,0.023819651212250100,0.0,0.0,0.0,0.0,0.0,0.01325301204819280,0.0,0.1743119266055050,0.0,0.0,0.0,0.016660999659979600,0.034482758620689700,0.07441984529207790,0.0,0.12769184106763700,0.0,0.0,0.0,0.0,0.0,0.0330188679245283,0.08125380401704200,0.14798694232861800,0.045808124459809900,0.2993667242371910,0.0,0.022659256092347200,0.05991379310344830,0.0,0.0,0.0,0.0918918918918919,0.017830609212481400,0.0,0.0,0.09549549549549550,0.17537427436602500,0.0,0.09382284382284380,0.0,0.0,0.1288056206088990,0.31512605042016800,0.0,0.0670391061452514,0.0,0.10046728971962600,0.0405224380442063,0.17701946147693900,0.0,0.0,0.0,0.0,0.024859663191660000,0.05102040816326530,0.0,0.0,0.043923865300146400,0.0,0.0,0.0,0.11674008810572700,0.0,0.01731996353691890,0.03243616287094550,0.0,0.0,0.0,0.05223880597014930,0.01873536299765810,0.0,0.0,0.02857142857142860,0.16013824884792600,0.0692410119840213,0.0,0.0,0.08849557522123890,0.0,0,0
"TTT81TTC, AGG83AGA",0.0,0.0,0.0,0.0,0.0,0.0,0.0,0.0,0.0,0.0,0.0,0.0,0.0,0.0,0.0,0.0,0.0,0.0,0.0,0.0,0.006389776357827480,0.0,0.0,0.0,0.0,0.0013600816048962900,0.0,0.0,0.0,0.0,0.0,0.0,0.0,0.0,0.0,0.0,0.0,0.0,0.0,0.0,0.0,0.0,0.0,0.0,0.0,0.0,0.0,0.0,0.0,0.0,0.0,0.0,0.0,0.0,0.0,0.0,0.0,0.0,0.0,0.0,0.10810810810810800,0.04127725856697820,0.0,0.0,0.0,0.0,0.0,0.0,0.0,0.0,0.0,0.0,0.014153245485602700,0.0,0.0,0.0,0.0,0.0,0.0,0.0,0.0,0.0,0.0,0.0,0.0,0.0,0.0,0.0,0.0,0.0,0.16279069767441900,0.0,0.0,0.0,0,0
Unclassified,0.4166666666666670,0.028368794326241100,0.014492753623188400,0.013574660633484200,0.011714589989350400,0.049466537342386000,0.004043126684636120,0.013182674199623400,0.009280742459396750,0.13333333333333300,0.0,0.01276595744680850,0.0060577819198508900,0.33517652062951900,0.017094017094017100,0.007292327203551050,0.010002564760194900,0.015035377358490600,0.01430761369443030,0.014859437751004000,0.10543130990415300,0.23853211009174300,0.011743450767841000,0.018056089127929300,0.008729139922978180,0.07208432505950360,0.0024827586206896600,0.013070152040544100,0.00538998097653773,0.00545950864422202,0.05150214592274680,0.012103369316323200,0.07692307692307690,0.016421780466724300,0.015940488841657800,0.007075471698113210,0.017954960438222800,0.011153427638737800,0.01181215787957360,0.0031663788140472100,0.004543733434305190,0.011970927746900400,0.0034482758620689700,0.013650374284456200,0.012388162422574000,0.011799410029498500,0.01891891891891890,0.011391778107974200,0.018518518518518500,0.016209150326797400,0.0075675675675675700,0.17995722578674,0.01883080382237210,0.008741258741258740,0.013787510137875100,0.014756517461879000,0.019320843091334900,0.011764705882352900,1.0,0.00931098696461825,0.009009009009009010,0.014537902388369700,0.003014065639651710,0.002665955745134630,0.010245901639344300,0.007394262052647150,0.006010016694490820,0.00983477576711251,0.012028869286287100,0.00510204081632653,0.0,0.017745803357314100,0.01708150317227920,0.016801853997682500,0.019393939393939400,0.0024106066693451200,0.004719949653870360,0.016282764098490900,0.004557885141294440,0.00966183574879227,0.0,0.0967741935483871,0.0,0.014925373134328400,0.01405152224824360,0.015432098765432100,0.0,0.009523809523809530,0.012672811059907800,0.015978695073235700,0.01744186046511630,0.05714285714285710,0.004424778761061950,0.18518518518518500,0,0
V79A,0.0,0.04964539007092200,0.05314009661835750,0.06787330316742080,0.0,0.0,0.057951482479784400,0.10546139359698700,0.2923433874709980,0.0,0.0,0.0,0.0,0.0,0.04365079365079370,0.2222574508560560,0.0,0.0,0.20694941236586600,0.020080321285140600,0.0,0.05504587155963300,0.0,0.07990779869381480,0.0,0.08466507990479430,0.12110344827586200,0.10162710056014900,0.0,0.07127691841067640,0.0,0.0,0.0,0.0,0.0,0.23820754716981100,0.03834449178332320,0.0,0.1783347738403920,0.07973517559009790,0.07118515713744790,0.025651988029072300,0.0728448275862069,0.18714222809335100,0.1596696490020650,0.07374631268436580,0.04054054054054050,0.11193660227835600,0.0,0.0865359477124183,0.057297297297297300,0.13443324167430500,0.20517144463181600,0.02564102564102560,0.12854825628548300,0.10919822921790500,0.0,0.10588235294117600,0.0,0.06890130353817500,0.0,0.0,0.10180843938379100,0.07891229005598510,0.0,0.0,0.05943238731218700,0.06333595594020460,0.10986367281475500,0.17346938775510200,0.0,0.0,0.0,0.026651216685979100,0.1103030303030300,0.11329851345922100,0.09156702328508500,0.07029388403494840,0.2137648131267090,0.08074534161490680,0.0,0.0,0.0,0.16417910447761200,0.0,0.0,0.0,0.02857142857142860,0.14400921658986200,0.12916111850865500,0.0,0.0,0.168141592920354,0.0,0,0
V79L,0.0,0.0,0.0,0.0,0.0,0.0,0.0,0.0,0.0,0.0,0.0,0.0,0.0,0.0,0.0,0.0,0.0,0.0,0.0,0.0,0.031150159744408900,0.0,0.0,0.0,0.0,0.0,0.0,0.009869298479594560,0.0,0.0,0.0,0.0,0.0,0.0,0.0,0.0,0.0,0.0,0.0,0.0,0.0,0.0,0.0,0.130779392338177,0.0,0.0,0.0,0.0,0.0,0.0,0.0,0.0,0.0,0.0,0.0,0.0,0.02576112412177990,0.0,0.0,0.0,0.02631578947368420,0.0,0.0,0.0,0.0,0.0,0.0,0.0,0.0,0.0,0.0,0.0,0.0,0.0,0.0,0.0,0.0,0.0,0.0,0.0,0.0,0.0,0.0,0.0,0.0,0.0,0.0,0.0,0.0,0.0,0.0,0.0,0.0,0.0,0,0
WT,0.0,0.014184397163120600,0.07729468599033820,0.2895927601809960,0.07348242811501600,0.1930164888457810,0.10242587601078200,0.05273069679849340,0.1554524361948960,0.08888888888888890,0.0,0.774468085106383,0.15890027958993500,0.0,0.3241758241758240,0.039315155358275200,0.17978968966401600,0.1736438679245280,0.07920286152273890,0.03293172690763050,0.0,0.0,0.16079494128274600,0.10872070687668100,0.07856225930680360,0.045562733764025800,0.10868965517241400,0.13576953854361200,0.12809131261889700,0.16833484986351200,0.20639875146312900,0.4782466470395810,0.15384615384615400,0.1797752808988760,0.15781083953241200,0.020636792452830200,0.16524650030432100,0.02013057671381940,0.053010659752232800,0.08520437535981580,0.10602044680045400,0.24112868747327900,0.023706896551724100,0.1933069132540730,0.08878183069511360,0.2536873156342180,0.14864864864864900,0.04457652303120360,0.08652094717668490,0.07790849673202610,0.06846846846846850,0.0,0.081787521079258,0.06322843822843820,0.035685320356853200,0.08657156910969010,0.11768149882904000,0.11092436974789900,0.0,0.30679702048417100,0.049312470365101900,0.037642782969885800,0.018754186202277300,0.15329245534524100,0.14929742388758800,0.22301094350783800,0.1285475792988310,0.21282454760031500,0.4787489975942260,0.02040816326530610,0.0,0.0815347721822542,0.024890190336749600,0.3522595596755500,0.06,0.08798714343109680,0.06198867212083070,0.05798252581413820,0.07793983591613490,0.21048999309868900,0.0,0.1935483870967740,0.0,0.014925373134328400,0.06791569086651050,0.05555555555555560,0.0,0.16666666666666700,0.019585253456221200,0.015978695073235700,0.23255813953488400,0.37142857142857100,0.21238938053097300,0.1111111111111110,0,0
WT PCR-Corrected,0.0,0.2624113475177310,0.13526570048309200,0.06033182503770740,0.154419595314164,0.14064015518913700,0.21293800539083600,0.3032015065913370,0.15777262180974500,0.1111111111111110,0.0,0.13617021276595700,0.036346691519105300,0.0,0.2603785103785100,0.07577679137603040,0.1492690433444470,0.16686320754717000,0.16198262646908500,0.14377510040160600,0.0,0.0,0.09123757904245710,0.06300422589320020,0.1491655969191270,0.21659299557973500,0.21958620689655200,0.1403040810882900,0.2926442612555490,0.18501668183196800,0.13538821693328100,0.16355904481517800,0.3076923076923080,0.07173725151253240,0.11158342189160500,0.2800707547169810,0.24102251978088900,0.09249183895538630,0.2045520023048110,0.05641911341393210,0.06096175691026130,0.24625908507909400,0.04267241379310350,0.0479964773227653,0.10874053682037200,0.04424778761061950,0.0972972972972973,0.133234274393264,0.2920461445051610,0.10901960784313700,0.26414414414414400,0.0,0.04834176503653740,0.307983682983683,0.16707218167072200,0.2882439744220360,0.3518735362997660,0.146218487394958,0.0,0.06843575418994410,0.14864864864864900,0.4055036344755970,0.10917615539182900,0.06824846707544660,0.07757611241217800,0.2593907128068620,0.1649415692821370,0.15342250196695500,0.11226944667201300,0.07653061224489800,0.0,0.16211031175060000,0.0629575402635432,0.18076477404403200,0.18181818181818200,0.3246283648051430,0.06954059156702330,0.1358220810166800,0.23381950774840500,0.27605244996549300,0.0,0.0,0.0,0.30970149253731300,0.22014051522248200,0.24074074074074100,0.0,0.20476190476190500,0.08986175115207370,0.18375499334221000,0.13662790697674400,0.0,0.05752212389380530,0.0,0,0