,A01,A02,A03,A04,A05,A06,A07,A08,A09,A10,A11,A12,B01,B02,B03,B04,B05,B06,B07,B08,B09,B10,B11,B12,C01,C02,C03,C04,C05,C06,C07,C08,C09,C10,C11,C12,D01,D02,D03,D04,D05,D06,D07,D08,D09,D10,D11,D12,E01,E02,E03,E04,E05,E06,E07,E08,E09,E10,E11,E12,F01,F02,F03,F04,F05,F06,F07,F08,F09,F10,F11,F12,G01,G02,G03,G04,G05,G06,G07,G08,G09,G10,G11,G12,H01,H02,H03,H04,H05,H06,H07,H08,H09,H10,H11,H12
0,9,7,7,8,20,7,6,15,23,6,48,9,31,9,7,9,7,48,10,10,7,6,8,9,6,8,6,57,45,9,16,11,31,6,7,7,7,7,35,26,7,7,8,8,8,40,8,7,7,7,9,12,10,13,16,26,44,9,43,55,2,20,2,14,3,6,7,10,7,10,37,5,1,9,1,3,9,34,10,1,48,7,15,12,10,2,8,6,11,7,10,9,23,8,6,7
1,6,7,7,8,7,7,6,15,9,5,33,7,14,8,6,7,6,43,7,7,6,6,6,7,6,7,6,53,38,8,8,9,24,5,7,7,6,7,34,23,6,6,7,7,8,28,7,7,6,7,8,7,8,12,12,19,25,8,31,41,2,10,2,2,3,6,6,6,7,10,36,5,1,8,1,1,0,25,7,1,47,6,7,5,1,1,7,6,8,6,8,8,21,7,5,6
2,6,7,6,8,7,7,5,8,8,5,32,6,11,8,6,6,6,39,7,7,6,6,5,6,6,6,6,43,30,8,8,7,17,4,6,6,5,6,33,17,6,6,6,7,6,9,7,6,6,6,7,5,8,9,7,13,25,8,17,31,2,9,2,1,2,5,5,5,7,7,21,5,1,8,1,1,0,18,7,1,44,5,7,4,1,1,7,6,7,6,7,7,16,6,4,6
3,6,6,5,8,6,6,5,8,8,5,31,5,8,7,6,6,5,36,6,6,6,6,5,6,6,6,6,43,30,7,8,6,10,4,6,6,5,5,32,13,5,6,5,7,6,8,6,6,6,6,7,5,7,9,7,8,25,7,14,29,1,8,0,1,2,5,4,5,6,7,19,4,0,7,1,1,,17,7,1,44,5,7,4,,0,6,5,6,6,7,6,15,5,4,5
4,6,6,5,7,5,5,5,7,7,5,30,5,8,7,5,5,5,34,6,6,6,5,5,5,6,6,6,41,28,6,7,6,9,4,6,5,5,5,31,13,5,5,5,7,6,7,6,5,5,6,7,5,7,8,7,7,25,7,9,26,1,7,0,0,1,4,4,5,6,6,19,4,0,6,1,,,15,5,0,29,5,7,4,,0,6,4,6,5,7,6,14,5,4,5
5,6,6,5,7,5,5,5,7,6,5,28,5,7,6,5,5,5,30,6,5,5,5,5,5,5,5,5,38,27,6,6,5,8,4,5,5,5,5,31,12,5,5,4,6,6,6,6,5,5,5,5,5,6,7,7,6,20,7,5,25,1,7,0,0,1,4,4,5,6,6,18,4,0,6,0,,,12,5,0,23,5,6,4,,0,6,4,6,5,7,6,13,5,4,4
6,5,5,5,7,5,5,5,7,6,5,27,5,7,6,5,5,5,20,6,5,5,5,5,5,5,5,5,34,27,6,6,5,7,4,5,5,4,5,23,11,4,5,4,6,6,6,5,5,5,5,5,5,6,7,7,5,19,7,5,22,1,7,0,0,1,4,4,5,5,6,17,4,,6,0,,,12,5,0,15,4,6,4,,0,5,4,5,5,6,6,12,4,4,4
7,5,5,5,7,5,5,5,7,6,4,25,5,6,5,5,5,4,18,6,5,5,5,5,5,5,5,5,31,25,5,6,5,6,4,5,5,4,5,22,10,4,5,4,6,6,6,5,5,4,5,5,4,6,7,6,5,19,6,5,22,1,7,0,,1,4,4,5,5,6,12,4,,5,0,,,10,5,0,13,4,6,4,,0,5,4,5,5,6,6,11,4,4,4
8,5,5,5,6,4,5,4,7,6,4,25,4,6,5,5,5,4,17,6,5,5,5,5,5,5,5,5,28,24,5,6,5,6,4,5,5,4,5,20,8,4,5,4,5,6,6,5,5,4,5,5,4,6,6,6,5,18,6,5,19,1,6,0,,1,4,4,4,5,6,11,4,,5,,,,9,5,,6,4,6,4,,0,5,4,4,5,6,5,11,4,4,4
9,5,5,5,6,4,5,4,6,5,4,22,4,5,5,5,5,4,16,6,5,5,4,4,5,5,5,4,24,23,5,6,4,5,4,5,5,4,4,17,7,4,5,4,5,5,5,5,5,4,5,5,4,5,6,6,5,17,6,5,18,1,6,0,,1,4,4,4,5,6,8,3,,5,,,,9,5,,6,4,6,4,,,5,4,4,5,5,5,10,4,4,4
10,5,5,5,6,4,5,4,5,5,4,22,4,5,4,4,4,4,16,5,4,5,4,4,5,5,5,4,18,23,5,6,4,5,4,5,5,4,4,17,6,4,5,4,5,5,5,4,4,4,5,5,4,5,6,5,5,17,5,4,17,1,6,,,1,4,4,4,5,6,7,3,,5,,,,9,5,,6,4,5,4,,,5,4,4,5,5,5,7,4,4,4
11,5,5,5,6,4,5,4,5,5,4,21,4,5,4,4,4,4,15,5,4,5,4,4,5,5,5,4,18,22,5,6,4,5,3,5,5,4,4,12,6,4,5,4,5,5,5,4,4,4,5,5,4,5,6,5,5,16,5,4,16,0,6,,,0,4,4,4,5,6,7,3,,5,,,,9,5,,5,4,5,4,,,5,4,4,5,5,5,7,4,3,4
12,5,5,5,5,4,5,4,5,5,4,21,4,5,4,4,4,4,15,5,4,5,4,4,5,5,5,4,17,19,5,6,4,5,3,5,4,4,4,10,6,4,5,4,5,5,5,4,4,4,5,5,4,4,6,5,5,15,5,4,15,0,6,,,0,4,4,4,4,6,6,3,,5,,,,9,4,,5,4,5,4,,,5,3,4,4,5,5,7,4,3,4
13,4,4,5,5,4,4,4,5,5,4,20,4,5,4,4,4,4,12,5,4,4,4,4,5,5,5,4,16,19,5,6,4,5,3,4,4,4,4,10,6,4,5,4,5,5,4,4,4,4,4,4,4,4,6,5,5,14,5,4,14,0,6,,,0,4,4,4,4,5,6,3,,5,,,,8,4,,4,4,5,4,,,5,3,4,4,5,5,6,4,3,4
14,4,4,4,5,4,4,4,5,5,4,19,4,5,4,4,4,4,12,5,4,4,4,4,4,5,4,4,11,19,5,6,4,5,3,4,4,4,4,9,6,4,4,4,4,5,4,4,4,3,4,4,4,4,5,5,4,14,5,4,13,0,6,,,0,4,4,4,4,5,5,3,,5,,,,8,4,,4,4,5,4,,,5,3,4,4,5,5,6,4,3,4
15,4,4,4,5,4,4,4,5,5,4,19,4,5,4,4,3,4,11,5,4,4,4,4,4,5,4,4,10,19,5,5,4,5,3,4,4,4,4,7,6,4,4,3,4,5,4,4,4,3,4,4,4,4,5,5,4,14,5,3,12,0,5,,,,3,4,4,4,5,5,3,,5,,,,8,4,,4,4,5,4,,,4,3,4,4,5,4,5,3,3,4
16,4,4,4,5,4,4,3,4,5,4,19,4,4,4,4,3,3,10,4,4,4,3,4,4,5,4,4,9,18,5,5,4,5,3,4,4,4,4,7,5,3,4,3,4,5,4,4,4,3,4,4,4,4,5,4,4,14,5,3,12,0,5,,,,3,4,3,4,5,5,3,,5,,,,8,4,,4,4,5,4,,,4,3,4,4,5,4,5,3,3,4
17,4,4,4,5,4,4,3,4,5,4,19,4,4,4,4,3,3,9,4,3,4,3,4,4,5,4,4,8,18,4,5,4,5,3,4,4,4,4,7,5,3,4,3,4,5,4,4,4,3,4,4,4,4,5,4,4,11,5,3,12,0,5,,,,3,4,3,4,5,5,3,,4,,,,8,4,,4,4,5,3,,,4,3,4,4,5,4,5,3,3,4
18,4,4,4,5,4,4,3,4,4,4,17,4,4,4,4,3,3,7,4,3,4,3,4,4,4,4,4,8,17,4,5,4,5,3,4,4,4,4,6,5,3,4,3,4,4,4,4,4,3,4,4,4,4,5,4,4,10,5,3,10,,5,,,,3,3,3,4,5,5,3,,4,,,,8,4,,4,4,5,3,,,4,3,4,4,4,4,5,3,3,4
19,4,4,4,5,4,4,3,4,4,4,17,4,4,4,4,3,3,7,4,3,4,3,3,4,4,4,4,8,17,4,5,4,4,3,4,4,4,4,6,5,3,4,3,4,4,3,4,4,3,4,4,3,4,5,4,4,9,5,3,9,,5,,,,3,3,3,3,5,5,3,,4,,,,8,3,,4,4,5,3,,,4,3,3,4,4,4,5,3,3,4
20,4,4,4,5,4,4,3,4,4,4,15,4,4,4,4,3,3,6,4,3,4,3,3,4,4,4,4,8,14,4,5,4,4,3,4,4,4,4,6,5,3,4,3,4,4,3,4,4,3,4,4,3,4,5,4,4,9,5,3,8,,5,,,,3,3,3,3,5,4,3,,4,,,,8,3,,4,3,5,3,,,4,3,3,3,4,4,5,3,3,4
21,4,4,4,5,3,4,3,4,4,3,15,4,4,4,4,3,3,6,4,3,4,3,3,4,4,4,4,8,13,4,5,4,4,3,4,4,3,4,6,5,3,4,3,3,4,3,4,4,3,4,4,3,4,5,4,4,8,5,3,8,,5,,,,3,3,3,3,5,4,3,,4,,,,7,3,,4,3,5,3,,,4,3,3,3,4,4,5,3,3,3
22,4,4,4,5,3,4,3,4,3,3,15,4,4,4,3,3,3,6,4,3,4,3,3,4,4,4,4,7,13,4,5,4,4,3,4,4,3,4,6,4,3,4,3,3,4,3,4,4,3,4,4,3,4,5,4,4,8,4,3,7,,5,,,,3,3,3,3,5,4,3,,4,,,,7,3,,4,3,4,3,,,4,3,3,3,4,4,5,3,3,3
23,4,4,4,5,3,4,3,4,3,3,15,4,4,3,3,3,3,6,4,3,4,3,3,4,4,4,4,7,11,4,5,4,4,3,4,4,3,4,5,4,3,4,3,3,4,3,4,4,3,4,4,3,4,5,4,4,8,4,3,6,,5,,,,3,3,3,3,4,4,3,,4,,,,7,3,,4,3,4,3,,,4,3,3,3,4,4,4,3,3,3
24,4,4,4,5,3,4,3,4,3,3,14,4,4,3,3,3,3,6,4,3,4,3,3,4,4,4,4,7,10,4,5,4,4,3,3,4,3,4,5,4,3,3,3,3,4,3,4,3,3,3,4,3,4,4,4,4,7,4,3,6,,5,,,,3,3,3,3,4,4,3,,4,,,,7,3,,4,3,4,3,,,3,3,3,3,4,4,4,3,3,3
25,4,4,4,5,3,4,3,4,3,3,13,4,4,3,3,3,3,6,4,3,4,3,3,4,4,4,4,6,10,4,5,4,4,3,3,4,3,4,5,4,3,3,3,3,4,3,4,3,3,3,4,3,4,4,4,4,7,4,3,6,,5,,,,3,3,3,3,4,4,3,,4,,,,7,3,,4,3,4,3,,,3,3,3,3,4,4,4,3,2,3
26,4,4,4,5,3,4,3,4,3,3,12,4,4,3,3,3,3,5,4,3,4,3,3,4,4,4,4,6,9,4,4,4,4,3,3,4,3,3,5,4,3,3,3,3,4,3,4,3,3,3,4,3,4,4,4,4,7,4,3,5,,4,,,,3,3,3,3,4,4,3,,4,,,,5,3,,4,3,4,3,,,3,3,3,3,4,4,4,3,2,3
27,4,3,4,4,3,4,3,4,3,3,12,3,4,3,3,3,3,5,4,3,4,3,3,4,4,4,4,6,8,4,4,4,4,3,3,4,3,3,5,4,3,3,2,3,4,3,4,3,3,3,4,3,4,4,4,4,7,4,3,5,,4,,,,3,3,3,3,4,4,3,,4,,,,5,3,,4,3,4,3,,,3,3,3,3,4,3,4,3,2,3
28,3,3,4,4,3,4,3,4,3,3,11,3,4,3,3,3,3,5,4,3,4,3,3,4,4,4,4,6,8,3,4,4,4,3,3,4,3,3,5,4,3,3,2,3,4,3,4,3,3,3,4,3,4,4,4,4,6,4,3,5,,4,,,,3,3,3,3,4,4,3,,4,,,,5,3,,4,3,4,3,,,3,3,3,3,4,3,4,3,2,3
29,3,3,4,4,3,4,3,4,3,3,11,3,4,3,3,3,3,5,4,3,4,3,3,4,4,3,3,6,7,3,4,4,4,3,3,4,3,3,5,4,3,3,2,3,4,3,3,3,3,3,3,3,4,4,4,4,6,4,3,5,,4,,,,3,3,3,3,4,4,2,,4,,,,5,3,,4,3,4,3,,,3,3,3,3,4,3,4,3,2,3
30,3,3,4,4,3,4,3,4,3,3,10,3,4,3,3,3,3,4,4,3,4,3,3,4,4,3,3,6,7,3,4,3,3,2,3,4,3,3,4,4,3,3,2,3,4,3,3,3,3,3,3,3,4,4,3,4,5,4,3,5,,4,,,,3,3,3,3,4,4,2,,3,,,,5,3,,4,3,4,3,,,3,3,3,3,3,3,4,3,2,3
31,3,3,4,4,3,4,3,4,3,3,9,3,4,3,3,3,3,4,4,3,4,3,3,4,4,3,3,6,6,3,4,3,3,2,3,4,3,3,4,4,3,3,2,3,4,3,3,3,3,3,3,3,3,4,3,4,5,4,3,5,,4,,,,2,3,3,3,4,4,2,,3,,,,5,3,,4,3,4,3,,,3,3,3,3,3,3,4,3,2,3
32,3,3,4,4,3,3,3,3,3,3,9,3,4,3,3,2,3,4,3,3,4,3,3,4,4,3,3,6,6,3,4,3,3,2,3,4,3,3,4,4,3,3,2,3,3,3,3,3,3,3,3,3,3,4,3,3,5,4,3,4,,4,,,,2,3,3,3,4,4,2,,3,,,,5,3,,3,3,4,3,,,3,3,3,3,3,3,4,3,2,3
33,3,3,4,4,3,3,3,3,3,3,7,3,3,3,3,2,3,4,3,3,4,3,3,3,4,3,3,6,5,3,4,3,3,2,3,3,3,3,4,4,3,3,2,3,3,3,3,3,3,3,3,3,3,4,3,3,5,3,3,4,,4,,,,2,3,3,3,4,4,2,,3,,,,5,3,,3,3,4,3,,,3,3,3,3,3,3,4,3,2,3
34,3,3,3,4,3,3,3,3,3,3,7,3,3,3,3,2,3,4,3,3,4,3,3,3,4,3,3,5,5,3,4,3,3,2,3,3,3,3,4,4,3,3,2,3,3,3,3,3,3,3,3,3,3,4,3,3,5,3,3,4,,4,,,,2,3,3,3,4,4,2,,3,,,,5,3,,3,3,4,3,,,3,2,3,3,3,3,4,3,2,3
35,3,3,3,4,3,3,3,3,3,3,7,3,3,3,3,2,3,4,3,3,4,3,3,3,4,3,3,5,5,3,4,3,3,2,3,3,3,3,4,4,3,3,2,3,3,3,3,3,3,3,3,3,3,4,3,3,5,3,3,4,,4,,,,2,3,3,3,4,4,2,,3,,,,5,2,,3,3,4,3,,,3,2,3,3,3,3,3,3,2,3
36,3,3,3,4,3,3,3,3,3,3,7,3,3,3,3,2,3,4,3,3,4,2,3,3,3,3,3,5,5,3,4,3,3,2,3,3,2,3,4,4,3,3,2,3,3,3,3,3,3,3,3,3,3,4,3,3,5,3,3,4,,4,,,,2,3,3,3,4,4,2,,3,,,,5,2,,3,3,4,2,,,3,2,3,3,3,3,3,3,2,3
37,3,3,3,4,3,3,3,3,3,3,7,3,3,3,3,2,3,4,3,3,4,2,3,3,3,3,3,5,5,3,4,3,3,2,3,3,2,3,4,4,3,3,2,3,3,3,3,3,3,3,3,3,3,4,3,3,5,3,3,4,,4,,,,2,3,3,3,3,4,2,,3,,,,5,2,,3,3,4,2,,,3,2,3,3,3,3,3,3,2,3
38,3,3,3,4,3,3,3,3,3,3,7,3,3,3,3,2,3,4,3,2,4,2,3,3,3,3,3,5,5,3,4,3,3,2,3,3,2,3,4,4,3,3,2,3,3,3,3,3,3,3,3,3,3,4,3,3,5,3,3,4,,4,,,,2,3,3,3,3,4,2,,3,,,,5,2,,3,3,4,2,,,3,2,3,3,3,3,3,3,2,3
39,3,3,3,4,3,3,3,3,3,3,6,3,3,3,3,2,3,4,3,2,4,2,3,3,3,3,3,5,5,3,4,3,3,2,3,3,2,3,4,4,3,3,2,3,3,3,3,3,2,3,3,3,3,4,3,3,5,3,3,4,,4,,,,2,3,3,3,3,4,2,,3,,,,5,2,,3,3,3,2,,,3,2,3,3,3,3,3,3,2,3
40,3,3,3,4,3,3,3,3,3,3,6,3,3,3,3,2,3,4,3,2,3,2,3,3,3,3,3,5,5,3,4,3,3,2,3,3,2,3,4,4,3,3,2,3,3,3,3,3,2,3,3,3,3,4,3,3,4,3,2,4,,4,,,,2,3,3,2,3,4,2,,3,,,,5,2,,3,3,3,2,,,3,2,2,3,3,3,3,3,2,3
41,3,3,3,4,3,3,3,3,3,3,6,3,3,3,3,2,3,4,3,2,3,2,3,3,3,3,3,5,4,3,4,3,3,2,3,3,2,3,4,4,3,3,2,3,3,3,3,3,2,3,3,3,3,4,3,3,4,3,2,4,,4,,,,2,2,3,2,3,3,2,,3,,,,5,2,,3,3,3,2,,,3,2,2,3,3,3,3,3,2,3
42,3,3,3,4,3,3,3,3,3,3,6,3,3,3,3,2,2,4,3,2,3,2,3,3,3,3,3,5,4,3,4,3,3,2,3,3,2,3,4,3,2,3,2,3,3,3,3,3,2,3,3,2,3,4,3,3,4,3,2,4,,4,,,,2,2,2,2,3,3,2,,3,,,,5,2,,3,3,3,2,,,3,2,2,3,3,3,3,3,2,3
43,3,3,3,4,3,3,3,3,3,3,6,3,3,3,2,2,2,4,3,2,3,2,3,3,3,3,3,5,4,3,4,3,3,2,3,3,2,3,4,3,2,2,2,3,3,3,3,3,2,3,3,2,3,4,3,3,4,3,2,4,,3,,,,2,2,2,2,3,3,2,,3,,,,4,2,,3,3,3,2,,,3,2,2,3,3,3,3,2,2,3
44,3,3,3,4,3,3,3,3,3,3,5,3,3,3,2,2,2,4,3,2,3,2,3,3,3,3,3,4,4,3,4,3,3,2,3,3,2,3,4,3,2,2,2,3,3,3,3,3,2,3,3,2,3,3,3,3,4,3,2,4,,3,,,,2,2,2,2,3,3,2,,3,,,,4,2,,3,2,3,2,,,3,2,2,3,3,3,3,2,2,3
45,3,3,3,4,3,3,3,3,3,3,5,3,3,3,2,2,2,4,3,2,3,2,3,3,3,3,3,4,4,3,4,3,3,2,3,3,2,3,4,3,2,2,2,3,3,3,3,3,2,3,3,2,3,3,3,3,4,3,2,4,,3,,,,2,2,2,2,3,3,2,,3,,,,4,2,,3,2,3,2,,,3,2,2,3,3,3,3,2,2,3
46,3,3,3,4,3,3,2,3,3,3,5,3,3,3,2,2,2,4,3,2,3,2,3,3,3,3,3,4,4,3,4,3,3,2,3,3,2,3,4,3,2,2,2,3,3,3,3,3,2,3,3,2,3,3,3,3,4,3,2,4,,3,,,,2,2,2,2,3,3,2,,3,,,,4,2,,3,2,3,2,,,3,2,2,3,3,3,3,2,2,3
47,3,3,3,3,3,3,2,3,2,3,5,3,3,3,2,2,2,4,3,2,3,2,2,3,3,3,3,4,4,3,4,3,3,2,3,3,2,3,4,3,2,2,2,2,3,3,3,3,2,3,3,2,3,3,2,3,4,3,2,4,,3,,,,2,2,2,2,3,3,2,,3,,,,4,2,,3,2,3,2,,,2,2,2,3,3,3,3,2,2,3
48,2,3,3,3,3,3,2,3,2,2,5,3,3,2,2,2,2,3,3,2,3,2,2,3,3,3,3,4,4,3,4,3,3,2,3,3,2,3,4,3,2,2,2,2,3,2,3,3,2,3,3,2,3,3,2,3,4,3,2,4,,3,,,,2,2,2,2,3,3,2,,3,,,,4,2,,3,2,3,2,,,2,2,2,3,3,3,3,2,2,3
49,2,3,3,3,3,3,2,2,2,2,5,3,3,2,2,2,2,3,3,2,3,2,2,3,3,3,3,4,4,3,3,3,3,2,3,3,2,3,4,3,2,2,2,2,3,2,3,3,2,3,3,2,3,3,2,3,4,3,2,4,,3,,,,2,2,2,2,3,3,2,,3,,,,4,2,,3,2,3,2,,,2,2,2,3,3,3,3,2,2,3
50,2,3,3,3,2,3,2,2,2,2,4,3,3,2,2,2,2,3,3,2,3,2,2,3,3,3,3,4,4,3,3,3,3,2,2,3,2,3,4,3,2,2,2,2,3,2,3,3,2,3,3,2,3,3,2,3,4,3,2,4,,3,,,,2,2,2,2,3,3,2,,3,,,,4,2,,3,2,3,2,,,2,2,2,3,3,3,3,2,2,3
51,2,3,3,3,2,3,2,2,2,2,4,3,3,2,2,2,2,3,3,2,3,2,2,3,3,3,3,4,4,3,3,3,3,2,2,3,2,3,4,3,2,2,2,2,3,2,3,3,2,3,3,2,3,3,2,3,4,3,2,3,,3,,,,2,2,2,2,3,3,2,,3,,,,4,2,,3,2,3,2,,,2,2,2,2,3,3,3,2,2,3
52,2,3,3,3,2,3,2,2,2,2,4,3,3,2,2,2,2,3,3,2,3,2,2,3,3,3,3,4,4,3,3,3,3,2,2,3,2,3,4,3,2,2,2,2,3,2,2,3,2,3,3,2,3,3,2,3,4,3,2,3,,3,,,,2,2,2,2,3,3,2,,2,,,,4,2,,2,2,3,2,,,2,2,2,2,3,3,3,2,2,3
53,2,2,3,3,2,3,2,2,2,2,4,3,3,2,2,2,2,3,3,2,3,2,2,3,3,3,3,4,4,3,3,3,3,2,2,3,2,3,3,3,2,2,2,2,3,2,2,3,2,2,3,2,3,3,2,3,3,3,2,3,,3,,,,2,2,2,2,3,3,2,,2,,,,4,2,,2,2,3,2,,,2,2,2,2,3,3,2,2,2,3
54,2,2,3,3,2,3,2,2,2,2,4,2,3,2,2,2,2,3,3,2,3,2,2,3,3,3,3,4,3,3,3,3,3,2,2,3,2,3,3,3,2,2,2,2,3,2,2,3,2,2,3,2,3,3,2,3,3,3,2,3,,3,,,,2,2,2,2,3,3,2,,2,,,,4,2,,2,2,3,2,,,2,2,2,2,3,3,2,2,2,3
55,2,2,3,3,2,3,2,2,2,2,4,2,3,2,2,2,2,3,3,2,3,2,2,3,3,3,3,4,3,3,3,3,3,2,2,3,2,3,3,3,2,2,2,2,3,2,2,3,2,2,3,2,3,3,2,3,3,3,2,3,,3,,,,2,2,2,2,3,3,2,,2,,,,4,2,,2,2,3,2,,,2,2,2,2,3,3,2,2,2,2
56,2,2,3,3,2,3,2,2,2,2,4,2,3,2,2,2,2,3,3,2,3,2,2,3,3,3,3,4,3,2,3,3,3,2,2,3,2,3,3,3,2,2,2,2,3,2,2,2,2,2,3,2,3,3,2,2,3,3,2,3,,3,,,,2,2,2,2,3,3,2,,2,,,,4,2,,2,2,3,2,,,2,2,2,2,3,3,2,2,2,2
57,2,2,3,3,2,3,2,2,2,2,4,2,3,2,2,2,2,3,3,2,3,2,2,3,3,3,3,4,3,2,3,3,3,2,2,3,2,3,3,3,2,2,2,2,3,2,2,2,2,2,3,2,3,3,2,2,3,3,2,3,,3,,,,2,2,2,2,3,3,2,,2,,,,4,2,,2,2,3,2,,,2,2,2,2,3,3,2,2,2,2
58,2,2,3,3,2,3,2,2,2,2,4,2,3,2,2,2,2,3,3,2,3,2,2,3,3,3,3,4,3,2,3,3,3,2,2,3,2,3,3,3,2,2,2,2,3,2,2,2,2,2,3,2,3,3,2,2,3,3,2,3,,3,,,,2,2,2,2,3,3,2,,2,,,,4,2,,2,2,3,2,,,2,2,2,2,3,3,2,2,2,2
59,2,2,3,3,2,3,2,2,2,2,4,2,3,2,2,2,2,3,3,2,3,2,2,3,3,3,3,4,3,2,3,3,3,1,2,3,2,3,3,3,2,2,2,2,3,2,2,2,2,2,3,2,2,3,2,2,3,3,2,3,,3,,,,2,2,2,2,3,3,2,,2,,,,4,2,,2,2,3,2,,,2,2,2,2,3,3,2,2,1,2
60,2,2,3,3,2,3,2,2,2,2,4,2,3,2,2,2,2,3,3,2,3,2,2,3,3,3,3,4,3,2,3,3,3,1,2,3,2,3,3,3,2,2,2,2,3,2,2,2,2,2,3,2,2,3,2,2,3,3,2,3,,3,,,,2,2,2,2,3,2,2,,2,,,,4,2,,2,2,3,2,,,2,2,2,2,3,3,2,2,1,2
61,2,2,3,3,2,3,2,2,2,2,4,2,3,2,2,2,2,3,3,2,3,2,2,2,3,3,3,4,3,2,3,3,3,1,2,3,2,2,3,3,2,2,2,2,2,2,2,2,2,2,3,2,2,3,2,2,3,3,2,3,,3,,,,2,2,2,2,3,2,2,,2,,,,4,2,,2,2,3,2,,,2,2,2,2,3,3,2,2,1,2
62,2,2,3,3,2,2,2,2,2,2,4,2,3,2,2,2,2,3,3,2,3,2,2,2,3,3,3,4,3,2,3,3,3,1,2,3,2,2,3,3,2,2,2,2,2,2,2,2,2,2,3,2,2,3,2,2,3,3,2,3,,3,,,,2,2,2,2,3,2,2,,2,,,,4,2,,2,2,3,2,,,2,2,2,2,3,3,2,2,1,2
63,2,2,3,3,2,2,2,2,2,2,4,2,3,2,2,2,2,3,2,2,3,2,2,2,3,2,3,4,3,2,3,2,2,1,2,3,2,2,3,3,2,2,2,2,2,2,2,2,2,2,3,2,2,3,2,2,3,3,2,3,,3,,,,2,2,2,2,3,2,2,,2,,,,4,2,,2,2,3,2,,,2,2,2,2,3,3,2,2,1,2
64,2,2,3,3,2,2,2,2,2,2,4,2,2,2,2,2,2,3,2,2,3,2,2,2,3,2,3,3,3,2,3,2,2,1,2,2,2,2,3,3,2,2,2,2,2,2,2,2,2,2,3,2,2,3,2,2,3,3,2,3,,3,,,,2,2,2,2,3,2,2,,2,,,,4,1,,2,2,3,2,,,2,2,2,2,3,3,2,2,1,2
65,2,2,3,3,2,2,2,2,2,2,4,2,2,2,2,2,2,3,2,2,3,2,2,2,3,2,3,3,3,2,3,2,2,1,2,2,2,2,3,3,2,2,2,2,2,2,2,2,2,2,2,2,2,3,2,2,3,3,2,3,,3,,,,2,2,2,2,3,2,2,,2,,,,3,1,,2,2,3,2,,,2,2,2,2,2,3,2,2,1,2
66,2,2,3,3,2,2,2,2,2,2,4,2,2,2,2,2,2,3,2,2,3,2,2,2,3,2,3,3,3,2,3,2,2,1,2,2,2,2,3,3,2,2,2,2,2,2,2,2,2,2,2,2,2,3,2,2,3,3,2,3,,3,,,,2,2,2,2,3,2,2,,2,,,,3,1,,2,2,3,2,,,2,2,2,2,2,3,2,2,1,2
67,2,2,3,3,2,2,2,2,2,2,4,2,2,2,2,2,2,3,2,2,3,2,2,2,3,2,3,3,3,2,3,2,2,1,2,2,2,2,3,3,2,2,2,2,2,2,2,2,2,2,2,2,2,3,2,2,3,3,2,3,,3,,,,2,2,2,2,3,2,2,,2,,,,3,1,,2,2,3,2,,,2,2,2,2,2,3,2,2,1,2
68,2,2,2,3,2,2,2,2,2,2,4,2,2,2,2,2,2,3,2,2,3,2,2,2,3,2,2,3,3,2,3,2,2,1,2,2,2,2,3,3,2,2,2,2,2,2,2,2,2,2,2,2,2,3,2,2,3,2,2,3,,3,,,,2,2,2,2,3,2,2,,2,,,,3,1,,2,2,2,2,,,2,2,2,2,2,3,2,2,1,2
69,2,2,2,3,2,2,2,2,2,2,4,2,2,2,2,2,2,3,2,2,3,2,2,2,3,2,2,3,3,2,3,2,2,1,2,2,2,2,3,3,2,2,2,2,2,2,2,2,1,2,2,2,2,3,2,2,3,2,2,3,,3,,,,2,2,2,2,3,2,2,,2,,,,3,1,,2,2,2,2,,,2,1,2,2,2,3,2,2,1,2
70,2,2,2,3,2,2,2,2,2,2,3,2,2,2,2,2,2,3,2,2,3,2,2,2,3,2,2,3,3,2,3,2,2,1,2,2,2,2,3,3,2,2,1,2,2,2,2,2,1,2,2,2,2,3,2,2,3,2,2,3,,3,,,,2,2,2,2,2,2,2,,2,,,,3,1,,2,2,2,2,,,2,1,2,2,2,3,2,2,1,2
71,2,2,2,3,2,2,2,2,2,2,3,2,2,2,2,2,2,3,2,2,3,2,2,2,3,2,2,3,3,2,3,2,2,1,2,2,2,2,3,3,2,2,1,2,2,2,2,2,1,2,2,2,2,3,2,2,3,2,2,3,,3,,,,2,2,2,2,2,2,2,,2,,,,3,1,,2,2,2,2,,,2,1,2,2,2,2,2,2,1,2
72,2,2,2,3,2,2,2,2,2,2,3,2,2,2,2,2,2,3,2,2,3,2,2,2,3,2,2,3,3,2,3,2,2,1,2,2,2,2,3,3,2,2,1,2,2,2,2,2,1,2,2,2,2,3,2,2,3,2,2,3,,3,,,,2,1,2,2,2,2,1,,2,,,,3,1,,2,2,2,2,,,2,1,2,2,2,2,2,2,1,2
73,2,2,2,3,2,2,2,2,2,2,3,2,2,2,2,2,2,3,2,2,3,2,2,2,3,2,2,3,3,2,3,2,2,1,2,2,2,2,3,2,2,2,1,2,2,2,2,2,1,2,2,2,2,2,2,2,3,2,2,3,,3,,,,1,1,2,2,2,2,1,,2,,,,3,1,,2,2,2,2,,,2,1,2,2,2,2,2,2,1,2
74,2,2,2,3,2,2,2,2,2,2,3,2,2,2,2,2,2,3,2,2,3,2,2,2,3,2,2,3,3,2,3,2,2,1,2,2,2,2,3,2,2,2,1,2,2,2,2,2,1,2,2,2,2,2,2,2,3,2,2,3,,3,,,,1,1,2,2,2,2,1,,2,,,,3,1,,2,2,2,2,,,2,1,2,2,2,2,2,2,1,2
75,2,2,2,3,2,2,2,2,2,2,3,2,2,2,2,2,2,3,2,2,2,2,2,2,3,2,2,3,2,2,3,2,2,1,1,2,2,2,3,2,2,2,1,2,2,2,2,2,1,2,2,2,2,2,2,2,3,2,2,3,,3,,,,1,1,2,2,2,2,1,,2,,,,3,1,,2,2,2,2,,,2,1,2,2,2,2,2,2,1,2
76,2,2,2,3,2,2,2,2,2,2,3,2,2,2,2,2,2,3,2,2,2,2,2,2,2,2,2,3,2,2,3,2,2,1,1,2,2,2,3,2,2,2,1,2,2,2,2,2,1,2,2,2,2,2,2,2,3,2,2,3,,3,,,,1,1,2,2,2,2,1,,2,,,,3,1,,2,2,2,2,,,2,1,2,2,2,2,2,2,1,2
77,2,2,2,2,2,2,2,2,2,2,3,2,2,2,2,2,2,2,2,2,2,2,2,2,2,2,2,3,2,2,3,2,2,1,1,2,2,2,3,2,2,2,1,2,2,2,2,2,1,2,2,2,2,2,2,2,3,2,2,3,,3,,,,1,1,2,2,2,2,1,,2,,,,3,1,,2,2,2,2,,,2,1,2,2,2,2,2,2,1,2
78,2,2,2,2,2,2,2,2,2,2,3,2,2,2,2,1,2,2,2,2,2,2,2,2,2,2,2,3,2,2,3,2,2,1,1,2,2,2,3,2,2,2,1,2,2,2,2,2,1,2,2,2,2,2,2,2,3,2,2,3,,3,,,,1,1,2,2,2,2,1,,2,,,,3,1,,2,2,2,2,,,2,1,2,2,2,2,2,2,1,2
79,2,2,2,2,2,2,2,2,2,2,3,2,2,2,2,1,2,2,2,2,2,2,2,2,2,2,2,3,2,2,3,2,2,1,1,2,2,2,3,2,2,2,1,2,2,2,2,2,1,2,2,2,2,2,2,2,3,2,2,3,,3,,,,1,1,2,2,2,2,1,,2,,,,3,1,,2,2,2,2,,,2,1,2,2,2,2,2,2,1,2
80,2,2,2,2,2,2,2,2,2,2,3,2,2,2,2,1,2,2,2,2,2,2,2,2,2,2,2,3,2,2,3,2,2,1,1,2,2,2,3,2,2,2,1,2,2,2,2,2,1,2,2,2,2,2,2,2,3,2,2,3,,3,,,,1,1,1,2,2,2,1,,2,,,,3,1,,2,2,2,2,,,2,1,2,2,2,2,2,2,1,2
81,2,2,2,2,2,2,2,2,2,2,3,2,2,2,2,1,2,2,2,2,2,2,2,2,2,2,2,3,2,2,3,2,2,1,1,2,2,2,3,2,2,2,1,2,2,2,2,2,1,2,2,2,2,2,2,2,3,2,2,3,,2,,,,1,1,1,1,2,2,1,,2,,,,3,1,,2,2,2,2,,,2,1,2,2,2,2,2,2,1,2
82,2,2,2,2,2,2,2,2,2,2,3,2,2,2,2,1,2,2,2,1,2,2,2,2,2,2,2,3,2,2,3,2,2,1,1,2,2,2,3,2,2,2,1,2,2,2,2,2,1,2,2,2,2,2,2,2,2,2,1,3,,2,,,,1,1,1,1,2,2,1,,2,,,,3,1,,2,2,2,2,,,2,1,2,2,2,2,2,2,1,2
83,2,2,2,2,2,2,2,2,2,2,3,2,2,2,2,1,2,2,2,1,2,2,2,2,2,2,2,3,2,2,3,2,2,1,1,2,2,2,3,2,2,2,1,2,2,2,2,2,1,2,2,2,2,2,2,2,2,2,1,3,,2,,,,1,1,1,1,2,2,1,,2,,,,3,1,,2,2,2,2,,,2,1,2,2,2,2,2,2,1,2
84,2,2,2,2,2,2,2,2,2,2,3,2,2,2,2,1,2,2,2,1,2,2,2,2,2,2,2,3,2,2,3,2,2,1,1,2,2,2,3,2,2,2,1,2,2,2,2,2,1,2,2,1,2,2,2,2,2,2,1,3,,2,,,,1,1,1,1,2,2,1,,2,,,,3,1,,2,2,2,2,,,2,1,1,2,2,2,2,2,1,2
85,2,2,2,2,2,2,2,2,2,2,3,2,2,2,2,1,2,2,2,1,2,2,2,2,2,2,2,3,2,2,3,2,2,1,1,2,2,2,3,2,2,2,1,2,2,2,2,2,1,2,2,1,2,2,2,2,2,2,1,3,,2,,,,1,1,1,1,2,2,1,,2,,,,3,1,,2,2,2,2,,,2,1,1,2,2,2,2,2,1,2
86,2,2,2,2,2,2,2,2,2,2,3,2,2,2,2,1,2,2,2,1,2,2,2,2,2,2,2,3,2,2,3,2,2,1,1,2,2,2,3,2,2,2,1,2,2,2,2,2,1,2,2,1,2,2,2,2,2,2,1,3,,2,,,,1,1,1,1,2,2,1,,2,,,,3,1,,2,2,2,2,,,2,1,1,2,2,2,2,2,1,2
87,2,2,2,2,2,2,2,1,2,2,3,2,2,2,2,1,2,2,2,1,2,2,2,2,2,2,2,3,2,2,3,2,2,1,1,2,2,2,2,2,2,2,1,2,2,2,2,2,1,2,2,1,2,2,2,1,2,2,1,3,,2,,,,1,1,1,1,2,2,1,,2,,,,3,1,,2,2,2,2,,,2,1,1,2,2,2,2,2,1,2
88,2,2,2,2,2,2,2,1,2,2,3,2,2,2,2,1,2,2,2,1,2,2,2,2,2,2,2,3,2,2,3,2,2,1,1,2,2,2,2,2,2,2,1,2,2,2,2,2,1,2,2,1,2,2,1,1,2,2,1,2,,2,,,,1,1,1,1,2,2,1,,2,,,,3,1,,2,2,2,2,,,2,1,1,2,2,2,2,2,1,2
89,2,2,2,2,2,2,2,1,1,2,3,2,2,2,1,1,2,2,2,1,2,2,2,2,2,2,2,3,2,2,3,2,2,1,1,2,1,2,2,2,2,2,1,2,2,2,2,2,1,2,2,1,2,2,1,1,2,2,1,2,,2,,,,1,1,1,1,2,2,1,,2,,,,3,1,,2,2,2,2,,,2,1,1,2,2,2,2,2,1,2
90,2,2,2,2,2,2,2,1,1,2,3,2,2,2,1,1,2,2,2,1,2,2,2,2,2,2,2,3,2,2,3,2,2,1,1,2,1,2,2,2,2,2,1,2,2,2,2,2,1,2,2,1,2,2,1,1,2,2,1,2,,2,,,,1,1,1,1,2,2,1,,2,,,,3,1,,2,2,2,2,,,2,1,1,2,2,2,2,2,1,2
91,2,2,2,2,2,2,2,1,1,2,3,2,2,2,1,1,2,2,2,1,2,2,2,2,2,2,2,3,2,2,3,2,2,1,1,2,1,2,2,2,2,2,1,2,2,2,2,2,1,2,2,1,2,2,1,1,2,2,1,2,,2,,,,1,1,1,1,2,2,1,,2,,,,3,1,,2,2,2,2,,,2,1,1,2,2,2,2,2,1,2
92,2,2,2,2,2,2,2,1,1,2,2,2,2,2,1,1,2,2,2,1,2,1,1,2,2,2,2,3,2,2,3,2,2,1,1,2,1,2,2,2,2,2,1,1,2,2,2,2,1,2,2,1,2,2,1,1,2,2,1,2,,2,,,,1,1,1,1,2,2,1,,2,,,,3,1,,2,2,2,2,,,2,1,1,2,2,2,2,1,1,2
93,2,2,2,2,2,2,2,1,1,2,2,2,2,2,1,1,2,2,2,1,2,1,1,2,2,2,2,3,2,2,3,2,2,1,1,2,1,2,2,2,2,2,1,1,2,2,2,2,1,2,2,1,2,2,1,1,2,2,1,2,,2,,,,1,1,1,1,2,2,1,,2,,,,3,1,,2,2,2,1,,,2,1,1,2,2,2,2,1,1,2
94,1,2,2,2,2,2,1,1,1,2,2,2,2,2,1,1,2,2,2,1,2,1,1,2,2,2,2,3,2,2,3,2,2,1,1,2,1,2,2,2,2,2,1,1,2,2,1,2,1,2,2,1,2,2,1,1,2,2,1,2,,2,,,,1,1,1,1,2,2,1,,2,,,,3,1,,2,2,2,1,,,2,1,1,2,2,2,2,1,1,2
95,1,2,2,2,2,2,1,1,1,2,2,2,2,2,1,1,2,2,2,1,2,1,1,2,2,2,2,3,2,2,3,2,2,1,1,2,1,2,2,2,2,2,1,1,2,2,1,2,1,2,2,1,2,2,1,1,2,2,1,2,,2,,,,1,1,1,1,2,2,1,,2,,,,3,1,,2,2,2,1,,,1,1,1,2,2,2,2,1,1,2
96,1,2,2,2,2,2,1,1,1,2,2,2,2,2,1,1,2,2,2,1,2,1,1,2,2,2,2,3,2,2,3,2,2,1,1,2,1,2,2,2,1,2,1,1,2,2,1,2,1,2,2,1,2,2,1,1,2,2,1,2,,2,,,,1,1,1,1,2,2,1,,2,,,,3,1,,2,2,2,1,,,1,1,1,2,2,2,2,1,1,2
97,1,2,2,2,2,2,1,1,1,2,2,2,2,2,1,1,2,2,2,1,2,1,1,2,2,2,2,3,2,2,2,2,2,1,1,2,1,2,2,2,1,2,1,1,2,2,1,2,1,2,2,1,2,2,1,1,2,2,1,2,,2,,,,1,1,1,1,2,2,1,,2,,,,3,1,,2,2,2,1,,,1,1,1,2,2,2,2,1,1,2
98,1,2,2,2,2,2,1,1,1,2,2,2,2,2,1,1,2,2,2,1,2,1,1,2,2,2,2,3,2,2,2,2,2,1,1,2,1,2,2,2,1,2,1,1,2,2,1,2,1,2,2,1,2,2,1,1,2,2,1,2,,2,,,,1,1,1,1,2,2,1,,2,,,,3,1,,2,2,2,1,,,1,1,1,2,2,2,2,1,1,2
99,1,2,2,2,2,2,1,1,1,2,2,2,2,2,1,1,2,2,2,1,2,1,1,2,2,2,2,3,2,2,2,2,2,1,1,2,1,2,2,2,1,2,1,1,2,2,1,2,1,2,2,1,2,2,1,1,2,2,1,2,,2,,,,1,1,1,1,2,2,1,,2,,,,3,1,,2,2,2,1,,,1,1,1,2,2,2,2,1,1,2
100,1,2,2,2,2,2,1,1,1,2,2,2,2,2,1,1,1,2,2,1,2,1,1,2,2,2,2,3,2,2,2,2,2,1,1,2,1,2,2,2,1,2,1,1,2,2,1,2,1,2,2,1,2,2,1,1,2,2,1,2,,2,,,,1,1,1,1,2,2,1,,2,,,,3,1,,2,2,2,1,,,1,1,1,2,2,2,2,1,1,2
101,1,2,2,2,2,2,1,1,1,2,2,2,2,2,1,1,1,2,2,1,2,1,1,2,2,2,2,3,2,2,2,2,2,1,1,2,1,2,2,2,1,2,1,1,2,2,1,2,1,2,2,1,2,2,1,1,2,2,1,2,,2,,,,1,1,1,1,2,2,1,,2,,,,2,1,,2,2,2,1,,,1,1,1,2,2,2,2,1,1,2
102,1,2,2,2,2,2,1,1,1,2,2,2,2,2,1,1,1,2,2,1,2,1,1,2,2,2,2,3,2,2,2,2,2,1,1,2,1,2,2,2,1,2,1,1,2,2,1,2,1,2,2,1,2,2,1,1,2,2,1,2,,2,,,,1,1,1,1,2,2,1,,2,,,,2,1,,2,2,2,1,,,1,1,1,2,2,2,2,1,1,1
103,1,2,2,2,2,2,1,1,1,2,2,2,2,2,1,1,1,2,2,1,2,1,1,2,2,2,2,3,2,1,2,2,2,1,1,2,1,2,2,2,1,2,1,1,2,2,1,2,1,2,2,1,2,2,1,1,2,2,1,2,,2,,,,1,1,1,1,2,1,1,,2,,,,2,1,,2,2,2,1,,,1,1,1,2,2,2,2,1,1,1
104,1,2,2,2,1,2,1,1,1,2,2,2,2,2,1,1,1,2,2,1,2,1,1,2,2,2,2,3,2,1,2,2,2,1,1,2,1,2,2,2,1,2,1,1,2,2,1,2,1,2,2,1,2,2,1,1,2,2,1,2,,2,,,,1,1,1,1,2,1,1,,2,,,,2,1,,2,2,2,1,,,1,1,1,2,2,2,2,1,1,1
105,1,2,2,2,1,2,1,1,1,2,2,2,2,2,1,1,1,2,2,1,2,1,1,2,2,2,2,3,2,1,2,2,2,1,1,2,1,2,2,2,1,2,1,1,2,2,1,2,1,2,2,1,2,2,1,1,2,2,1,2,,2,,,,1,1,1,1,2,1,1,,2,,,,2,1,,2,2,2,1,,,1,1,1,2,2,2,2,1,1,1
106,1,2,2,2,1,2,1,1,1,2,2,2,2,2,1,1,1,2,2,1,2,1,1,2,2,2,2,2,2,1,2,2,2,1,1,2,1,2,2,2,1,2,1,1,2,2,1,2,1,2,2,1,2,2,1,1,2,2,1,2,,2,,,,1,1,1,1,2,1,1,,2,,,,2,1,,2,2,2,1,,,1,1,1,2,2,2,1,1,1,1
107,1,2,2,2,1,2,1,1,1,2,2,2,2,2,1,1,1,2,2,1,2,1,1,2,2,2,2,2,2,1,2,2,2,0,1,2,1,2,2,2,1,2,1,1,2,2,1,2,1,2,2,1,2,2,1,1,2,2,1,2,,2,,,,1,1,1,1,2,1,1,,2,,,,2,1,,2,2,2,1,,,1,1,1,2,2,2,1,1,1,1
108,1,2,2,2,1,2,1,1,1,2,2,2,2,2,1,1,1,2,2,1,2,1,1,2,2,2,2,2,2,1,2,2,2,0,1,2,1,2,2,2,1,2,1,1,1,2,1,2,1,1,2,1,2,2,1,1,2,2,1,2,,2,,,,1,1,1,1,2,1,1,,2,,,,2,1,,2,2,2,1,,,1,1,1,2,2,2,1,1,1,1
109,1,2,2,2,1,2,1,1,1,2,2,2,2,2,1,1,1,2,2,1,2,1,1,2,2,2,2,2,2,1,2,2,2,0,1,2,1,2,2,2,1,2,1,1,1,2,1,2,1,1,2,1,2,2,1,1,2,2,1,2,,2,,,,1,1,1,1,2,1,1,,2,,,,2,1,,2,1,2,1,,,1,1,1,2,2,2,1,1,0,1
110,1,2,2,2,1,2,1,1,1,2,2,2,2,1,1,1,1,2,2,1,2,1,1,2,2,2,2,2,2,1,2,2,2,0,1,2,1,2,2,2,1,1,1,1,1,2,1,2,1,1,2,1,2,2,1,1,2,2,1,2,,2,,,,1,1,1,1,2,1,1,,2,,,,2,1,,2,1,2,1,,,1,1,1,2,2,2,1,1,0,1
111,1,2,2,2,1,2,1,1,1,2,2,2,2,1,1,1,1,2,2,1,2,1,1,2,2,2,2,2,2,1,2,2,2,0,1,2,1,2,2,2,1,1,1,1,1,1,1,2,1,1,2,1,2,2,1,1,2,2,1,2,,2,,,,1,1,1,1,2,1,1,,2,,,,2,1,,2,1,2,1,,,1,1,1,2,2,2,1,1,0,1
112,1,2,2,2,1,2,1,1,1,2,2,2,2,1,1,1,1,2,1,1,2,1,1,2,2,2,2,2,2,1,2,2,2,0,1,2,1,2,2,2,1,1,1,1,1,1,1,2,1,1,2,1,2,2,1,1,2,2,1,2,,2,,,,1,1,1,1,2,1,1,,2,,,,2,1,,2,1,2,1,,,1,1,1,1,2,2,1,1,0,1
113,1,2,2,2,1,2,1,1,1,2,2,2,2,1,1,1,1,2,1,1,2,1,1,2,2,2,2,2,2,1,2,2,2,0,1,2,1,2,2,2,1,1,1,1,1,1,1,2,1,1,2,1,2,2,1,1,2,2,1,2,,2,,,,1,1,1,1,2,1,1,,2,,,,2,1,,2,1,2,1,,,1,1,1,1,2,1,1,1,0,1
114,1,2,2,2,1,2,1,1,1,2,2,2,2,1,1,1,1,2,1,1,2,1,1,2,2,2,2,2,2,1,2,2,2,0,1,2,1,2,2,2,1,1,1,1,1,1,1,2,1,1,2,1,2,2,1,1,2,2,1,2,,2,,,,1,1,1,1,2,1,1,,2,,,,2,1,,2,1,2,1,,,1,1,1,1,2,1,1,1,0,1
115,1,2,2,2,1,1,1,1,1,2,2,2,2,1,1,1,1,2,1,1,2,1,1,2,2,2,2,2,2,1,2,2,2,0,1,2,1,2,2,2,1,1,1,1,1,1,1,1,1,1,2,1,2,2,1,1,2,2,1,2,,2,,,,1,1,1,1,2,1,1,,1,,,,2,1,,2,1,2,1,,,1,1,1,1,2,1,1,1,0,1
116,1,2,2,2,1,1,1,1,1,2,2,2,2,1,1,1,1,2,1,1,2,1,1,2,2,2,2,2,2,1,2,2,2,0,1,2,1,2,2,2,1,1,1,1,1,1,1,1,1,1,2,1,2,2,1,1,2,2,1,2,,2,,,,1,1,1,1,2,1,1,,1,,,,2,1,,2,1,2,1,,,1,1,1,1,2,1,1,1,0,1
117,1,1,2,2,1,1,1,1,1,2,2,2,2,1,1,1,1,2,1,1,2,1,1,2,2,1,2,2,2,1,2,2,2,0,1,2,1,2,2,2,1,1,1,1,1,1,1,1,1,1,2,1,2,2,1,1,2,2,1,2,,2,,,,1,1,1,1,2,1,1,,1,,,,2,1,,2,1,1,1,,,1,1,1,1,1,1,1,1,0,1
118,1,1,2,2,1,1,1,1,1,2,2,2,2,1,1,1,1,2,1,1,2,1,1,2,2,1,2,2,2,1,2,2,2,0,1,2,1,2,2,2,1,1,1,1,1,1,1,1,1,1,2,1,2,2,1,1,2,1,1,2,,2,,,,1,1,1,1,2,1,1,,1,,,,2,1,,1,1,1,1,,,1,1,1,1,1,1,1,1,0,1
119,1,1,2,2,1,1,1,1,1,1,2,2,1,1,1,1,1,2,1,1,2,1,1,2,2,1,2,2,2,1,2,2,2,0,1,2,1,2,2,2,1,1,1,1,1,1,1,1,1,1,1,1,2,2,1,1,2,1,1,2,,2,,,,1,1,1,1,1,1,1,,1,,,,2,1,,1,1,1,1,,,1,1,1,1,1,1,1,1,0,1
120,1,1,2,2,1,1,1,1,1,1,2,2,1,1,1,1,1,2,1,1,2,1,1,2,2,1,2,2,2,1,2,2,2,0,1,2,1,2,2,2,1,1,1,1,1,1,1,1,1,1,1,1,2,2,1,1,2,1,1,2,,2,,,,1,1,1,1,1,1,1,,1,,,,2,0,,1,1,1,1,,,1,1,1,1,1,1,1,1,0,1
121,1,1,2,2,1,1,1,1,1,1,2,2,1,1,1,1,1,2,1,1,2,1,1,1,2,1,2,2,2,1,2,2,2,0,1,2,1,2,2,2,1,1,1,1,1,1,1,1,1,1,1,1,2,2,1,1,2,1,1,2,,2,,,,1,1,1,1,1,1,1,,1,,,,2,0,,1,1,1,1,,,1,1,1,1,1,1,1,1,0,1
122,1,1,2,2,1,1,1,1,1,1,2,2,1,1,1,1,1,2,1,1,2,1,1,1,2,1,2,2,2,1,2,1,2,0,1,2,1,2,2,2,1,1,1,1,1,1,1,1,1,1,1,1,2,2,1,1,2,1,1,2,,2,,,,1,1,1,1,1,1,1,,1,,,,2,0,,1,1,1,1,,,1,1,1,1,1,1,1,1,0,1
123,1,1,2,2,1,1,1,1,1,1,2,2,1,1,1,1,1,2,1,1,2,1,1,1,2,1,1,2,2,1,2,1,2,0,1,2,1,2,2,2,1,1,1,1,1,1,1,1,1,1,1,1,1,2,1,1,2,1,1,2,,2,,,,1,1,1,1,1,1,1,,1,,,,2,0,,1,1,1,1,,,1,1,1,1,1,1,1,1,0,1
124,1,1,2,2,1,1,1,1,1,1,2,2,1,1,1,1,1,2,1,1,2,1,1,1,2,1,1,2,2,1,2,1,2,0,1,2,1,2,2,2,1,1,1,1,1,1,1,1,1,1,1,1,1,2,1,1,2,1,1,2,,2,,,,1,1,1,1,1,1,1,,1,,,,2,0,,1,1,1,1,,,1,1,1,1,1,1,1,1,0,1
125,1,1,2,2,1,1,1,1,1,1,2,2,1,1,1,1,1,2,1,1,2,1,1,1,2,1,1,2,2,1,2,1,2,0,1,2,1,2,2,2,1,1,1,1,1,1,1,1,1,1,1,1,1,2,1,1,2,1,1,2,,2,,,,1,1,1,1,1,1,1,,1,,,,2,0,,1,1,1,1,,,1,1,1,1,1,1,1,1,0,1
126,1,1,2,2,1,1,1,1,1,1,2,2,1,1,1,1,1,2,1,1,2,1,1,1,2,1,1,2,2,1,2,1,2,0,1,2,1,2,2,2,1,1,1,0,1,1,1,1,1,1,1,1,1,2,1,1,2,1,1,2,,2,,,,1,1,1,1,1,1,1,,1,,,,2,0,,1,1,1,1,,,1,1,1,1,1,1,1,1,0,1
127,1,1,1,2,1,1,1,1,1,1,2,1,1,1,1,1,1,1,1,1,2,1,1,1,2,1,1,2,1,1,2,1,2,0,1,2,1,2,2,1,1,1,1,0,1,1,1,1,1,1,1,1,1,2,1,1,2,1,1,2,,2,,,,1,1,1,1,1,1,1,,1,,,,2,0,,1,1,1,1,,,1,1,1,1,1,1,1,1,0,1
128,1,1,1,2,1,1,1,1,1,1,2,1,1,1,1,1,1,1,1,1,1,1,1,1,2,1,1,2,1,1,2,1,2,0,0,2,1,2,2,1,1,1,1,0,1,1,1,1,1,1,1,1,1,2,1,1,2,1,1,2,,2,,,,1,1,1,1,1,1,1,,1,,,,2,0,,1,1,1,1,,,1,1,1,1,1,1,1,1,0,1
129,1,1,1,2,1,1,1,1,1,1,2,1,1,1,1,1,1,1,1,1,1,1,1,1,2,1,1,2,1,1,2,1,1,0,0,2,1,2,2,1,1,1,1,0,1,1,1,1,1,1,1,1,1,2,1,1,2,1,1,2,,2,,,,1,1,1,1,1,1,1,,1,,,,2,0,,1,1,1,1,,,1,1,1,1,1,1,1,1,0,1
130,1,1,1,2,1,1,1,1,1,1,2,1,1,1,1,1,1,1,1,1,1,1,1,1,2,1,1,2,1,1,2,1,1,0,0,2,1,2,2,1,1,1,1,0,1,1,1,1,1,1,1,1,1,2,1,1,2,1,1,2,,2,,,,1,1,1,1,1,1,1,,1,,,,2,0,,1,1,1,1,,,1,1,1,1,1,1,1,1,0,1
131,1,1,1,2,1,1,1,1,1,1,2,1,1,1,1,1,1,1,1,1,1,1,1,1,2,1,1,2,1,1,2,1,1,0,0,2,1,2,2,1,1,1,1,0,1,1,1,1,1,1,1,1,1,2,1,1,2,1,1,2,,2,,,,1,1,1,1,1,1,1,,1,,,,2,0,,1,1,1,1,,,1,1,1,1,1,1,1,1,0,1
132,1,1,1,2,1,1,1,1,1,1,2,1,1,1,1,1,1,1,1,1,1,1,1,1,2,1,1,2,1,1,2,1,1,0,0,2,1,2,2,1,1,1,1,0,1,1,1,1,1,1,1,1,1,2,1,1,1,1,1,2,,2,,,,1,1,1,1,1,1,1,,1,,,,2,0,,1,1,1,1,,,1,1,1,1,1,1,1,1,0,1
133,1,1,1,2,1,1,1,1,1,1,2,1,1,1,1,1,1,1,1,1,1,1,1,1,2,1,1,2,1,1,2,1,1,0,0,2,1,2,2,1,1,1,1,0,1,1,1,1,1,1,1,1,1,2,1,1,1,1,1,2,,2,,,,1,1,1,1,1,1,1,,1,,,,2,0,,1,1,1,1,,,1,1,1,1,1,1,1,1,0,1
134,1,1,1,2,1,1,1,1,1,1,2,1,1,1,1,1,1,1,1,1,1,1,1,1,2,1,1,2,1,1,2,1,1,0,0,2,1,2,2,1,1,1,1,0,1,1,1,1,1,1,1,1,1,2,1,1,1,1,1,2,,2,,,,1,1,1,1,1,1,1,,1,,,,2,0,,1,1,1,1,,,1,1,1,1,1,1,1,1,0,1
135,1,1,1,2,1,1,1,1,1,1,2,1,1,1,1,1,1,1,1,1,1,1,1,1,2,1,1,2,1,1,2,1,1,0,0,2,1,2,2,1,1,1,1,0,1,1,1,1,1,1,1,1,1,2,1,1,1,1,1,2,,2,,,,1,1,1,1,1,1,1,,1,,,,2,0,,1,1,1,1,,,1,1,1,1,1,1,1,1,0,1
136,1,1,1,2,1,1,1,1,1,1,2,1,1,1,1,1,1,1,1,1,1,1,1,1,2,1,1,2,1,1,2,1,1,0,0,2,1,2,2,1,1,1,1,0,1,1,1,1,1,1,1,1,1,2,1,1,1,1,1,2,,2,,,,1,1,1,1,1,1,1,,1,,,,2,0,,1,1,1,1,,,1,1,1,1,1,1,1,1,0,1
137,1,1,1,2,1,1,1,1,1,1,2,1,1,1,1,1,1,1,1,1,1,1,1,1,2,1,1,2,1,1,2,1,1,0,0,2,1,1,2,1,1,1,1,0,1,1,1,1,1,1,1,1,1,2,1,1,1,1,1,2,,2,,,,1,1,1,1,1,1,1,,1,,,,2,0,,1,1,1,1,,,1,1,1,1,1,1,1,1,0,1
138,1,1,1,2,1,1,1,1,1,1,2,1,1,1,1,1,1,1,1,1,1,1,1,1,2,1,1,2,1,1,2,1,1,0,0,1,1,1,2,1,1,1,1,0,1,1,1,1,1,1,1,1,1,2,1,1,1,1,1,2,,2,,,,1,1,1,1,1,1,1,,1,,,,2,0,,1,1,1,1,,,1,1,1,1,1,1,1,1,0,1
139,1,1,1,2,1,1,1,1,1,1,2,1,1,1,1,1,1,1,1,1,1,1,1,1,2,1,1,2,1,1,2,1,1,0,0,1,1,1,2,1,1,1,1,0,1,1,1,1,1,1,1,1,1,2,1,1,1,1,1,2,,2,,,,1,1,1,1,1,1,1,,1,,,,2,0,,1,1,1,1,,,1,1,1,1,1,1,1,1,0,1
140,1,1,1,2,1,1,1,1,1,1,2,1,1,1,1,1,1,1,1,1,1,1,1,1,2,1,1,2,1,1,2,1,1,0,0,1,1,1,2,1,1,1,1,0,1,1,1,1,1,1,1,1,1,1,1,1,1,1,1,2,,2,,,,1,1,1,1,1,1,1,,1,,,,2,0,,1,1,1,1,,,1,1,1,1,1,1,1,1,0,1
141,1,1,1,2,1,1,1,1,1,1,2,1,1,1,1,1,1,1,1,1,1,1,1,1,2,1,1,2,1,1,2,1,1,0,0,1,1,1,2,1,1,1,1,0,1,1,1,1,0,1,1,1,1,1,1,1,1,1,1,2,,2,,,,1,1,1,1,1,1,1,,1,,,,2,0,,1,1,1,1,,,1,1,1,1,1,1,1,1,0,1
142,1,1,1,2,1,1,1,1,1,1,2,1,1,1,1,1,1,1,1,1,1,1,1,1,2,1,1,2,1,1,2,1,1,0,0,1,1,1,2,1,1,1,1,0,1,1,1,1,0,1,1,1,1,1,1,1,1,1,1,1,,2,,,,1,1,1,1,1,1,1,,1,,,,2,0,,1,1,1,1,,,1,1,1,1,1,1,1,1,0,1
143,1,1,1,2,1,1,1,1,1,1,2,1,1,1,1,1,1,1,1,1,1,1,1,1,2,1,1,2,1,1,2,1,1,0,0,1,1,1,2,1,1,1,1,0,1,1,1,1,0,1,1,1,1,1,1,1,1,1,1,1,,2,,,,1,1,1,1,1,1,1,,1,,,,2,0,,1,1,1,1,,,1,1,1,1,1,1,1,1,0,1
144,1,1,1,1,1,1,1,1,1,1,2,1,1,1,1,1,1,1,1,1,1,1,1,1,2,1,1,2,1,1,2,1,1,0,0,1,1,1,2,1,1,1,1,0,1,1,1,1,0,1,1,1,1,1,1,1,1,1,1,1,,2,,,,1,1,1,1,1,1,1,,1,,,,2,0,,1,1,1,1,,,1,1,1,1,1,1,1,1,0,1
145,1,1,1,1,1,1,1,1,1,1,2,1,1,1,1,1,1,1,1,1,1,1,1,1,2,1,1,2,1,1,2,1,1,0,0,1,1,1,2,1,1,1,1,0,1,1,1,1,0,1,1,1,1,1,1,1,1,1,1,1,,1,,,,1,1,1,1,1,1,1,,1,,,,2,0,,1,1,1,1,,,1,0,1,1,1,1,1,1,0,1
146,1,1,1,1,1,1,1,1,1,1,2,1,1,1,1,1,1,1,1,1,1,1,1,1,2,1,1,2,1,1,2,1,1,0,0,1,1,1,1,1,1,1,1,0,1,1,1,1,0,1,1,1,1,1,1,0,1,1,1,1,,1,,,,1,1,0,1,1,1,1,,1,,,,2,0,,1,1,1,1,,,1,0,1,1,1,1,1,1,0,1
147,1,1,1,1,1,1,1,1,1,1,2,1,1,1,1,1,1,1,1,1,1,1,1,1,2,1,1,2,1,1,2,1,1,0,0,1,1,1,1,1,1,1,1,0,1,1,1,1,0,1,1,1,1,1,1,0,1,1,1,1,,1,,,,1,1,0,1,1,1,0,,1,,,,2,0,,1,1,1,1,,,1,0,1,1,1,1,1,1,0,1
148,1,1,1,1,1,1,1,1,1,1,2,1,1,1,1,1,1,1,1,1,1,1,1,1,2,1,1,2,1,1,2,1,1,0,0,1,1,1,1,1,1,1,1,0,1,1,1,1,0,1,1,1,1,1,1,0,1,1,1,1,,1,,,,1,1,0,1,1,1,0,,1,,,,2,0,,1,1,1,1,,,1,0,1,1,1,1,1,1,0,1
149,1,1,1,1,1,1,1,1,1,1,2,1,1,1,1,1,1,1,1,1,1,1,1,1,2,1,1,2,1,1,2,1,1,0,0,1,1,1,1,1,1,1,1,0,1,1,1,1,0,1,1,1,1,1,1,0,1,1,1,1,,1,,,,1,1,0,1,1,1,0,,1,,,,2,0,,1,1,1,1,,,1,0,1,1,1,1,1,1,0,1
150,1,1,1,1,1,1,1,1,1,1,2,1,1,1,1,1,1,1,1,1,1,1,1,1,2,1,1,2,1,1,2,1,1,0,0,1,1,1,1,1,1,1,1,0,1,1,1,1,0,1,1,1,1,1,1,0,1,1,0,1,,1,,,,1,0,0,1,1,1,0,,1,,,,2,0,,1,1,1,1,,,1,0,1,1,1,1,1,1,0,1
151,1,1,1,1,1,1,1,1,1,1,1,1,1,1,1,1,1,1,1,1,1,1,1,1,1,1,1,2,1,1,2,1,1,0,0,1,1,1,1,1,1,1,1,0,1,1,1,1,0,1,1,1,1,1,1,0,1,1,0,1,,1,,,,1,0,0,1,1,1,0,,1,,,,2,0,,1,1,1,1,,,1,0,1,1,1,1,1,1,0,1
152,1,1,1,1,1,1,1,1,1,1,1,1,1,1,1,1,1,1,1,1,1,1,1,1,1,1,1,2,1,1,2,1,1,0,0,1,1,1,1,1,1,1,1,0,1,1,1,1,0,1,1,1,1,1,1,0,1,1,0,1,,1,,,,1,0,0,1,1,1,0,,1,,,,2,0,,1,1,1,1,,,1,0,1,1,1,1,1,1,0,1
153,1,1,1,1,1,1,1,1,1,1,1,1,1,1,1,1,1,1,1,1,1,1,1,1,1,1,1,2,1,1,2,1,1,0,0,1,1,1,1,1,1,1,1,0,1,1,1,1,0,1,1,1,1,1,1,0,1,1,0,1,,1,,,,1,0,0,1,1,1,0,,1,,,,2,0,,1,1,1,1,,,1,0,1,1,1,1,1,1,0,1
154,1,1,1,1,1,1,1,1,1,1,1,1,1,1,1,1,1,1,1,1,1,1,1,1,1,1,1,2,1,1,2,1,1,0,0,1,0,1,1,1,1,1,1,0,1,1,1,1,0,1,1,1,1,1,1,0,1,1,0,1,,1,,,,0,0,0,1,1,1,0,,1,,,,2,0,,1,1,1,1,,,1,0,0,1,1,1,1,1,0,1
155,1,1,1,1,1,1,1,1,1,1,1,1,1,1,1,1,1,1,1,1,1,1,1,1,1,1,1,2,1,1,1,1,1,0,0,1,0,1,1,1,1,1,1,0,1,1,1,1,0,1,1,1,1,1,1,0,1,1,0,1,,1,,,,0,0,0,1,1,1,0,,1,,,,2,0,,1,1,1,1,,,1,0,0,1,1,1,1,1,0,1
156,1,1,1,1,1,1,1,1,1,1,1,1,1,1,1,1,1,1,1,1,1,1,1,1,1,1,1,2,1,1,1,1,1,0,0,1,0,1,1,1,1,1,1,0,1,1,1,1,0,1,1,1,1,1,1,0,1,1,0,1,,1,,,,0,0,0,1,1,1,0,,1,,,,2,0,,1,1,1,1,,,1,0,0,1,1,1,1,1,0,1
157,1,1,1,1,1,1,1,1,1,1,1,1,1,1,1,0,1,1,1,1,1,1,1,1,1,1,1,2,1,1,1,1,1,0,0,1,0,1,1,1,1,1,1,0,1,1,1,1,0,1,1,1,1,1,1,0,1,1,0,1,,1,,,,0,0,0,1,1,1,0,,1,,,,2,0,,1,1,1,1,,,1,0,0,1,1,1,1,1,0,1
158,1,1,1,1,1,1,1,1,1,1,1,1,1,1,1,0,1,1,1,1,1,1,1,1,1,1,1,2,1,1,1,1,1,0,0,1,0,1,1,1,1,1,1,0,1,1,1,1,0,1,1,1,1,1,1,0,1,1,0,1,,1,,,,0,0,0,1,1,1,0,,1,,,,2,0,,1,1,1,1,,,1,0,0,1,1,1,1,1,0,1
159,1,1,1,1,1,1,1,1,1,1,1,1,1,1,1,0,1,1,1,1,1,1,1,1,1,1,1,2,1,1,1,1,1,0,0,1,0,1,1,1,1,1,1,0,1,1,1,1,0,1,1,1,1,1,1,0,1,1,0,1,,1,,,,0,0,0,1,1,1,0,,1,,,,2,0,,1,1,1,1,,,1,0,0,1,1,1,1,1,0,1
160,1,1,1,1,1,1,1,1,1,1,1,1,1,1,1,0,1,1,1,1,1,1,1,1,1,1,1,2,1,1,1,1,1,0,0,1,0,1,1,1,1,1,1,0,1,1,1,1,0,1,1,1,1,1,1,0,1,1,0,1,,1,,,,0,0,0,1,1,1,0,,1,,,,2,0,,1,1,1,1,,,1,0,0,1,1,1,1,1,0,1
161,1,1,1,1,1,1,1,1,0,1,1,1,1,1,1,0,1,1,1,1,1,1,1,1,1,1,1,2,1,1,1,1,1,0,0,1,0,1,1,1,1,1,0,0,1,1,1,1,0,1,1,1,1,1,1,0,1,1,0,1,,1,,,,0,0,0,1,1,1,0,,1,,,,1,0,,1,1,1,1,,,1,0,0,1,1,1,1,1,0,1
162,1,1,1,1,1,1,1,1,0,1,1,1,1,1,1,0,1,1,1,1,1,1,0,1,1,1,1,2,1,1,1,1,1,0,0,1,0,1,1,1,1,1,0,0,1,1,1,1,0,1,1,1,1,1,1,0,1,1,0,1,,1,,,,0,0,0,1,1,1,0,,1,,,,1,0,,1,1,1,1,,,1,0,0,1,1,1,1,0,0,1
163,1,1,1,1,1,1,1,1,0,1,1,1,1,1,1,0,1,1,1,1,1,1,0,1,1,1,1,2,1,1,1,1,1,0,0,1,0,1,1,1,1,1,0,0,1,1,1,1,0,1,1,1,1,1,1,0,1,1,0,1,,1,,,,0,0,0,1,1,1,0,,1,,,,1,0,,1,1,1,1,,,1,0,0,1,1,1,1,0,0,1
164,1,1,1,1,1,1,1,1,0,1,1,1,1,1,1,0,1,1,1,1,1,1,0,1,1,1,1,1,1,1,1,1,1,0,0,1,0,1,1,1,1,1,0,0,1,1,1,1,0,1,1,1,1,1,1,0,1,1,0,1,,1,,,,0,0,0,1,1,1,0,,1,,,,1,0,,1,1,1,1,,,1,0,0,1,1,1,1,0,0,1
165,1,1,1,1,1,1,1,1,0,1,1,1,1,1,1,0,1,1,1,1,1,1,0,1,1,1,1,1,1,1,1,1,1,0,0,1,0,1,1,1,1,1,0,0,1,1,1,1,0,1,1,1,1,1,1,0,1,1,0,1,,1,,,,0,0,0,1,1,1,0,,1,,,,1,0,,1,1,1,1,,,1,0,0,1,1,1,1,0,0,1
166,1,1,1,1,1,1,1,1,0,1,1,1,1,1,1,0,1,1,1,1,1,1,0,1,1,1,1,1,1,1,1,1,1,0,0,1,0,1,1,1,1,1,0,0,1,1,1,1,0,1,1,1,1,1,1,0,1,1,0,1,,1,,,,0,0,0,1,1,1,0,,1,,,,1,0,,1,1,1,1,,,1,0,0,1,1,1,1,0,0,1
167,1,1,1,1,1,1,1,1,0,1,1,1,1,1,1,0,1,1,1,1,1,1,0,1,1,1,1,1,1,1,1,1,1,0,0,1,0,1,1,1,1,1,0,0,1,1,1,1,0,1,1,1,1,1,1,0,1,1,0,1,,1,,,,0,0,0,1,1,1,0,,1,,,,1,0,,1,1,1,1,,,1,0,0,1,1,1,1,0,0,1
168,1,1,1,1,1,1,1,1,0,1,1,1,1,1,1,0,1,1,1,1,1,1,0,1,1,1,1,1,1,1,1,1,1,0,0,1,0,1,1,1,1,1,0,0,1,1,1,1,0,1,1,1,1,1,0,0,1,1,0,1,,1,,,,0,0,0,1,1,1,0,,1,,,,1,0,,1,1,1,1,,,1,0,0,1,1,1,1,0,0,1
169,1,1,1,1,1,1,1,1,0,1,1,1,1,1,1,0,1,1,1,1,1,1,0,1,1,1,1,1,1,1,1,1,1,0,0,1,0,1,1,1,1,1,0,0,1,1,1,1,0,1,1,1,1,1,0,0,1,1,0,1,,1,,,,0,0,0,1,1,1,0,,1,,,,1,0,,1,1,1,1,,,1,0,0,1,1,1,1,0,0,1
170,1,1,1,1,1,1,1,1,0,1,1,1,1,1,1,0,1,1,1,1,1,1,0,1,1,1,1,1,1,1,1,1,1,0,0,1,0,1,1,1,1,1,0,0,1,1,1,1,0,1,1,1,1,1,0,0,1,1,0,1,,1,,,,0,0,0,1,1,1,0,,1,,,,1,0,,1,1,1,1,,,1,0,0,1,1,1,1,0,0,1
171,1,1,1,1,1,1,1,1,0,1,1,1,1,1,1,0,1,1,1,1,1,1,0,1,1,1,1,1,1,1,1,1,1,0,0,1,0,1,1,1,1,1,0,0,1,1,1,1,0,1,1,1,1,1,0,0,1,1,0,1,,1,,,,0,0,0,1,1,1,0,,1,,,,1,0,,1,1,1,1,,,1,0,0,1,1,1,1,0,0,1
172,1,1,1,1,1,1,1,1,0,1,1,1,1,1,1,0,1,1,1,1,1,1,0,1,1,1,1,1,1,1,1,1,1,0,0,1,0,1,1,1,1,1,0,0,1,1,1,1,0,1,1,1,1,1,0,0,1,1,0,1,,1,,,,0,0,0,0,1,1,0,,1,,,,1,0,,1,1,1,0,,,1,0,0,1,1,1,1,0,0,1
173,1,1,1,1,1,1,1,1,0,1,1,1,1,1,1,0,1,1,1,1,1,1,0,1,1,1,1,1,1,0,1,1,1,0,0,1,0,1,1,1,1,1,0,0,1,1,1,1,0,1,1,1,1,1,0,0,1,1,0,1,,1,,,,0,0,0,0,1,1,0,,1,,,,1,0,,1,1,1,0,,,1,0,0,1,1,1,1,0,0,1
174,1,1,1,1,1,1,1,1,0,1,1,1,1,1,1,0,1,1,1,1,1,0,0,1,1,1,1,1,1,0,1,1,1,0,0,1,0,1,1,1,1,1,0,0,1,1,1,1,0,1,1,1,1,1,0,0,1,1,0,1,,1,,,,0,0,0,0,1,1,0,,1,,,,1,0,,1,1,1,0,,,1,0,0,1,1,1,1,0,0,1
175,1,1,1,1,1,1,1,0,0,1,1,1,1,1,1,0,1,1,1,1,1,0,0,1,1,1,1,1,1,0,1,1,1,0,0,1,0,1,1,1,1,1,0,0,1,1,1,1,0,1,1,1,1,1,0,0,1,1,0,1,,1,,,,0,0,0,0,1,1,0,,1,,,,1,0,,1,1,1,0,,,1,0,0,1,1,1,1,0,0,1
176,1,1,1,1,1,1,1,0,0,1,1,1,1,1,1,0,1,1,1,1,1,0,0,1,1,1,1,1,1,0,1,1,1,0,0,1,0,1,1,1,1,1,0,0,1,1,1,1,0,1,1,1,1,1,0,0,1,1,0,1,,1,,,,0,0,0,0,1,1,0,,1,,,,1,0,,1,1,1,0,,,0,0,0,1,1,1,1,0,0,1
177,1,1,1,1,1,1,1,0,0,1,1,1,1,1,1,0,1,1,1,1,1,0,0,1,1,1,1,1,1,0,1,1,1,0,0,1,0,1,1,1,1,1,0,0,1,1,1,1,0,1,1,1,1,1,0,0,1,1,0,1,,1,,,,0,0,0,0,1,1,0,,1,,,,1,0,,1,1,1,0,,,0,0,0,1,1,1,1,0,0,1
178,1,1,1,1,1,1,1,0,0,1,1,1,1,1,1,0,1,1,1,1,1,0,0,1,1,1,1,1,1,0,1,1,1,0,0,1,0,1,1,1,1,1,0,0,1,1,1,1,0,1,1,1,1,1,0,0,1,1,0,1,,1,,,,0,0,0,0,1,1,0,,1,,,,1,0,,1,1,1,0,,,0,0,0,1,1,1,1,0,0,1
179,1,1,1,1,1,1,1,0,0,1,1,1,1,1,0,0,1,1,1,1,1,0,0,1,1,1,1,1,1,0,1,1,1,0,0,1,0,1,1,1,1,1,0,0,1,1,1,1,0,1,1,1,1,1,0,0,1,1,0,1,,1,,,,0,0,0,0,1,1,0,,1,,,,1,0,,1,1,1,0,,,0,0,0,1,1,1,1,0,0,1
180,1,1,1,1,1,1,0,0,0,1,1,1,1,1,0,0,1,1,1,1,1,0,0,1,1,1,1,1,1,0,1,1,1,0,0,1,0,1,1,1,1,1,0,0,1,1,1,1,0,1,1,1,1,1,0,0,1,1,0,1,,1,,,,0,0,0,0,1,1,0,,1,,,,1,0,,1,1,1,0,,,0,0,0,1,1,1,1,0,0,1
181,0,1,1,1,1,1,0,0,0,1,1,1,1,1,0,0,1,1,1,1,1,0,0,1,1,1,1,1,1,0,1,1,1,0,0,1,0,1,1,1,1,1,0,0,1,1,1,1,0,1,1,1,1,1,0,0,1,1,0,1,,1,,,,0,0,0,0,1,1,0,,1,,,,1,0,,1,1,1,0,,,0,0,0,1,1,1,0,0,0,1
182,0,1,1,1,1,1,0,0,0,1,1,1,1,1,0,0,1,1,1,1,1,0,0,1,1,1,1,1,0,0,1,1,1,0,0,1,0,1,1,1,1,1,0,0,1,1,1,1,0,1,1,1,1,1,0,0,1,1,0,1,,1,,,,0,0,0,0,1,1,0,,1,,,,1,0,,1,1,1,0,,,0,0,0,1,1,1,0,0,0,1
183,0,1,1,1,1,1,0,0,0,1,1,1,1,1,0,0,1,1,1,1,1,0,0,1,1,1,1,1,0,0,1,1,1,0,0,1,0,1,1,1,1,1,0,0,1,1,1,1,0,1,1,1,1,1,0,0,1,1,0,1,,1,,,,0,0,0,0,1,1,0,,1,,,,1,0,,1,1,1,0,,,0,0,0,1,1,1,0,0,0,1
184,0,1,1,1,1,1,0,0,0,1,1,1,1,1,0,0,0,1,1,0,1,0,0,1,1,1,1,1,0,0,1,1,1,0,0,1,0,1,1,1,1,1,0,0,1,1,1,1,0,1,1,1,1,1,0,0,1,1,0,1,,1,,,,0,0,0,0,1,1,0,,1,,,,1,0,,1,1,1,0,,,0,0,0,1,1,1,0,0,0,1
185,0,1,1,1,1,1,0,0,0,1,1,1,1,1,0,0,0,1,1,0,1,0,0,1,1,1,1,1,0,0,1,1,1,0,0,1,0,1,1,1,1,1,0,0,1,1,1,1,0,1,1,1,1,1,0,0,1,1,0,1,,1,,,,0,0,0,0,1,1,0,,1,,,,1,0,,1,1,1,0,,,0,0,0,1,1,1,0,0,0,1
186,0,1,1,1,1,1,0,0,0,1,1,1,1,1,0,0,0,1,0,0,1,0,0,1,1,1,1,1,0,0,1,1,1,0,0,1,0,1,1,1,1,1,0,0,1,1,1,1,0,1,1,1,1,1,0,0,1,1,0,1,,1,,,,0,0,0,0,1,1,0,,1,,,,1,0,,1,1,1,0,,,0,0,0,1,1,1,0,0,0,1
187,0,1,1,1,1,1,0,0,0,1,1,1,1,1,0,0,0,1,0,0,1,0,0,1,1,1,1,1,0,0,1,1,1,0,0,1,0,1,1,1,0,1,0,0,1,1,1,1,0,1,1,1,1,1,0,0,1,1,0,1,,1,,,,0,0,0,0,1,1,0,,1,,,,1,0,,1,1,1,0,,,0,0,0,1,1,1,0,0,0,1
188,0,1,1,1,0,1,0,0,0,1,1,1,1,1,0,0,0,1,0,0,1,0,0,1,1,1,1,1,0,0,1,1,1,0,0,1,0,1,1,1,0,1,0,0,1,1,1,1,0,1,1,1,1,1,0,0,1,1,0,1,,1,,,,0,0,0,0,1,1,0,,1,,,,1,0,,1,1,1,0,,,0,0,0,1,1,1,0,0,0,1
189,0,1,1,1,0,1,0,0,0,1,1,1,1,1,0,0,0,1,0,0,1,0,0,1,1,1,1,1,0,0,1,1,1,0,0,1,0,1,1,1,0,1,0,0,1,0,1,1,0,1,1,1,1,1,0,0,1,1,0,1,,1,,,,0,0,0,0,1,1,0,,1,,,,1,0,,1,1,1,0,,,0,0,0,1,1,1,0,0,0,1
190,0,1,1,1,0,1,0,0,0,1,1,1,1,1,0,0,0,1,0,0,1,0,0,1,1,1,1,1,0,0,1,1,1,0,0,1,0,1,1,1,0,1,0,0,1,0,1,1,0,1,1,0,1,1,0,0,1,1,0,1,,1,,,,0,0,0,0,1,1,0,,1,,,,1,0,,1,1,1,0,,,0,0,0,1,1,1,0,0,0,1
191,0,0,1,1,0,1,0,0,0,1,1,1,1,1,0,0,0,1,0,0,1,0,0,1,1,1,1,1,0,0,1,1,1,0,0,1,0,1,1,1,0,1,0,0,0,0,1,1,0,1,1,0,1,1,0,0,1,1,0,1,,1,,,,0,0,0,0,0,1,0,,1,,,,1,0,,1,1,1,0,,,0,0,0,1,1,1,0,0,0,1
192,0,0,1,1,0,1,0,0,0,1,1,1,1,1,0,0,0,1,0,0,1,0,0,1,1,1,1,1,0,0,1,1,1,0,0,1,0,1,1,1,0,1,0,0,0,0,1,1,0,1,1,0,1,1,0,0,1,1,0,1,,1,,,,0,0,0,0,0,1,0,,1,,,,1,0,,1,1,1,0,,,0,0,0,1,1,1,0,0,0,1
193,0,0,1,1,0,1,0,0,0,1,1,1,1,1,0,0,0,1,0,0,1,0,0,1,1,1,1,1,0,0,1,1,1,0,0,1,0,1,1,1,0,1,0,0,0,0,1,1,0,1,1,0,1,1,0,0,1,1,0,1,,1,,,,0,0,0,0,0,0,0,,1,,,,1,0,,1,1,1,0,,,0,0,0,1,1,1,0,0,0,1
194,0,0,1,1,0,1,0,0,0,1,1,1,1,1,0,0,0,1,0,0,1,0,0,1,1,1,1,1,0,0,1,1,1,0,0,1,0,1,1,1,0,1,0,0,0,0,1,1,0,1,1,0,1,1,0,0,1,1,0,1,,1,,,,0,0,0,0,0,0,0,,1,,,,1,0,,1,1,0,0,,,0,0,0,1,1,1,0,0,0,1
195,0,0,1,1,0,1,0,0,0,1,1,1,1,1,0,0,0,1,0,0,1,0,0,1,1,0,1,1,0,0,1,1,1,,0,1,0,1,1,1,0,1,0,0,0,0,1,1,0,1,1,0,1,1,0,0,1,1,0,1,,1,,,,0,0,0,0,0,0,0,,1,,,,1,0,,1,1,0,0,,,0,0,0,1,1,1,0,0,0,1
196,0,0,1,1,0,1,0,0,0,1,1,1,1,1,0,0,0,1,0,0,1,0,0,1,1,0,1,1,0,0,1,1,1,,0,1,0,1,1,1,0,1,0,0,0,0,1,1,0,1,1,0,1,1,0,0,1,1,0,1,,1,,,,0,0,0,0,0,0,0,,1,,,,1,0,,1,1,0,0,,,0,0,0,0,1,1,0,0,0,1
197,0,0,1,1,0,1,0,0,0,1,1,1,1,1,0,0,0,1,0,0,1,0,0,1,1,0,1,1,0,0,1,1,1,,0,1,0,1,1,1,0,1,0,0,0,0,1,1,0,1,1,0,1,1,0,0,1,1,0,1,,1,,,,0,0,0,0,0,0,0,,1,,,,1,0,,1,1,0,0,,,0,0,0,0,1,1,0,0,0,1
198,0,0,1,1,0,1,0,0,0,1,1,1,1,1,0,0,0,1,0,0,1,0,0,1,1,0,1,1,0,0,1,1,1,,0,1,0,1,1,1,0,1,0,0,0,0,1,1,0,1,1,0,1,1,0,0,1,1,0,1,,1,,,,0,0,0,0,0,0,0,,1,,,,1,0,,1,1,0,0,,,0,0,0,0,1,1,0,0,0,1
199,0,0,1,1,0,1,0,0,0,1,1,1,1,1,0,0,0,0,0,0,1,0,0,1,1,0,1,1,0,0,1,1,1,,0,1,0,1,1,1,0,1,0,0,0,0,1,1,0,1,1,0,1,1,0,0,1,1,0,1,,1,,,,0,0,0,0,0,0,0,,1,,,,1,0,,1,1,0,0,,,0,0,0,0,1,1,0,0,0,1
200,0,0,1,1,0,1,0,0,0,1,1,1,1,1,0,0,0,0,0,0,1,0,0,1,1,0,1,1,0,0,1,1,1,,0,1,0,1,1,1,0,1,0,0,0,0,1,1,0,1,1,0,1,1,0,0,1,1,0,1,,1,,,,0,0,0,0,0,0,0,,1,,,,1,0,,1,1,0,0,,,0,0,0,0,1,1,0,0,,1
201,0,0,1,1,0,1,0,0,0,1,1,1,1,1,0,0,0,0,0,0,1,0,0,1,1,0,1,1,0,0,1,1,1,,0,1,0,1,1,1,0,1,0,0,0,0,1,1,0,1,1,0,1,1,0,0,1,1,0,1,,1,,,,0,0,0,0,0,0,0,,1,,,,1,0,,1,1,0,0,,,0,0,0,0,1,0,0,0,,0
202,0,0,1,1,0,1,0,0,0,1,1,1,1,1,0,0,0,0,0,0,1,0,0,1,1,0,1,1,0,0,1,1,1,,0,1,0,1,1,1,0,1,0,0,0,0,1,1,0,1,1,0,1,1,0,0,1,1,0,1,,1,,,,0,0,0,0,0,0,0,,1,,,,1,0,,1,1,0,0,,,0,0,0,0,1,0,0,0,,0
203,0,0,1,1,0,1,0,0,0,1,1,1,1,1,0,0,0,0,0,0,1,0,0,1,1,0,1,1,0,0,1,1,1,,0,1,0,1,1,1,0,1,0,0,0,0,1,1,0,1,1,0,1,1,0,0,1,1,0,1,,1,,,,0,0,0,0,0,0,0,,1,,,,1,0,,1,1,0,0,,,0,0,0,0,1,0,0,0,,0
204,0,0,1,1,0,1,0,0,0,1,1,1,1,1,0,0,0,0,0,0,1,0,0,1,1,0,1,1,0,0,1,1,1,,0,1,0,1,1,1,0,1,0,0,0,0,1,1,0,1,1,0,1,1,0,0,1,1,0,1,,1,,,,0,0,0,0,0,0,0,,1,,,,1,0,,1,1,0,0,,,0,0,0,0,1,0,0,0,,0
205,0,0,1,1,0,1,0,0,0,0,1,1,1,1,0,0,0,0,0,0,1,0,0,1,1,0,1,1,0,0,1,1,1,,0,1,0,1,1,1,0,1,0,0,0,0,1,1,0,1,1,0,1,1,0,0,1,1,0,1,,1,,,,0,0,0,0,0,0,0,,1,,,,1,0,,1,1,0,0,,,0,0,0,0,0,0,0,0,,0
206,0,0,1,1,0,1,0,0,0,0,1,1,1,1,0,0,0,0,0,0,1,0,0,1,1,0,1,1,0,0,1,1,1,,0,1,0,1,1,1,0,1,0,0,0,0,1,1,0,1,1,0,1,1,0,0,1,0,0,1,,1,,,,0,0,0,0,0,0,0,,1,,,,1,0,,1,1,0,0,,,0,0,0,0,0,0,0,0,,0
207,0,0,1,1,0,1,0,0,0,0,1,1,1,1,0,0,0,0,0,0,1,0,0,1,1,0,1,1,0,0,1,1,1,,0,1,0,1,1,1,0,1,0,0,0,0,1,1,0,1,1,0,0,1,0,0,1,0,0,1,,1,,,,0,0,0,0,0,0,0,,1,,,,1,0,,1,1,0,0,,,0,0,0,0,0,0,0,0,,0
208,0,0,1,1,0,1,0,0,0,0,1,1,1,1,0,0,0,0,0,0,1,0,0,1,1,0,1,1,0,0,1,1,1,,0,1,0,1,1,1,0,1,0,0,0,0,0,1,0,1,1,0,0,1,0,0,1,0,0,1,,1,,,,0,0,0,0,0,0,0,,1,,,,1,0,,1,1,0,0,,,0,0,0,0,0,0,0,0,,0
209,0,0,1,1,0,1,0,0,0,0,1,1,1,1,0,0,0,0,0,0,1,0,0,1,1,0,1,1,0,0,1,1,1,,0,1,0,1,1,1,0,1,0,0,0,0,0,1,0,1,1,0,0,1,0,0,1,0,0,1,,1,,,,0,0,0,0,0,0,0,,1,,,,1,0,,1,1,0,0,,,0,0,0,0,0,0,0,0,,0
210,0,0,1,1,0,1,0,0,0,0,1,1,1,1,0,0,0,0,0,0,1,0,0,1,1,0,1,1,0,0,1,1,1,,0,1,0,1,1,1,0,1,0,0,0,0,0,1,0,1,1,0,0,1,0,0,1,0,0,1,,1,,,,0,0,0,0,0,0,0,,1,,,,1,0,,1,1,0,0,,,0,0,0,0,0,0,0,0,,0
211,0,0,1,1,0,1,0,0,0,0,1,1,1,1,0,0,0,0,0,0,1,0,0,1,1,0,1,1,0,0,1,1,1,,0,1,0,1,1,0,0,1,0,0,0,0,0,1,0,1,1,0,0,1,0,0,1,0,0,1,,1,,,,0,0,0,0,0,0,0,,1,,,,1,0,,1,1,0,0,,,0,0,0,0,0,0,0,0,,0
212,0,0,1,1,0,1,0,0,0,0,1,1,1,1,0,0,0,0,0,0,1,0,0,1,1,0,1,1,0,0,1,1,1,,0,1,0,1,0,0,0,0,0,,0,0,0,1,0,1,1,0,0,1,0,0,1,0,0,1,,1,,,,0,0,0,0,0,0,0,,1,,,,1,0,,1,1,0,0,,,0,0,0,0,0,0,0,0,,0
213,0,0,1,1,0,1,0,0,0,0,1,1,1,1,0,0,0,0,0,0,1,0,0,1,1,0,1,1,0,0,1,1,1,,0,1,0,1,0,0,0,0,0,,0,0,0,1,0,1,1,0,0,1,0,0,1,0,0,1,,1,,,,0,0,0,0,0,0,0,,1,,,,1,0,,1,1,0,0,,,0,0,0,0,0,0,0,0,,0
214,0,0,1,1,0,1,0,0,0,0,1,1,1,1,0,0,0,0,0,0,1,0,0,1,1,0,1,1,0,0,1,1,1,,0,1,0,1,0,0,0,0,0,,0,0,0,1,0,1,1,0,0,1,0,0,1,0,0,1,,1,,,,0,0,0,0,0,0,0,,0,,,,1,0,,1,1,0,0,,,0,0,0,0,0,0,0,0,,0
215,0,0,1,1,0,1,0,0,0,0,1,1,1,1,0,0,0,0,0,0,1,0,0,1,1,0,1,1,0,0,1,1,1,,0,1,0,1,0,0,0,0,0,,0,0,0,1,0,1,1,0,0,1,0,0,1,0,0,1,,1,,,,0,0,0,0,0,0,0,,0,,,,1,0,,1,1,0,0,,,0,0,0,0,0,0,0,0,,0
216,0,0,1,1,0,0,0,0,0,0,1,1,1,1,0,0,0,0,0,0,1,0,0,1,1,0,1,1,0,0,1,1,1,,0,1,0,1,0,0,0,0,0,,0,0,0,0,0,1,1,0,0,1,0,0,1,0,0,1,,1,,,,0,0,0,0,0,0,0,,0,,,,1,0,,1,1,0,0,,,0,0,0,0,0,0,0,0,,0
217,0,0,1,1,0,0,0,0,0,0,1,1,1,1,0,0,0,0,0,0,1,0,0,1,1,0,1,1,0,0,1,1,1,,0,1,0,1,0,0,0,0,0,,0,0,0,0,0,1,1,0,0,1,0,0,1,0,0,1,,1,,,,0,0,0,0,0,0,0,,0,,,,1,0,,1,0,0,0,,,0,0,0,0,0,0,0,0,,0
218,0,0,1,1,0,0,0,0,0,0,1,1,1,1,0,0,0,0,0,0,1,0,0,1,1,0,1,1,0,0,1,1,1,,0,1,0,1,0,0,0,0,0,,0,0,0,0,0,1,1,0,0,1,0,0,1,0,0,1,,1,,,,0,0,0,0,0,0,0,,0,,,,1,0,,1,0,0,0,,,0,0,0,0,0,0,0,0,,0
219,0,0,1,1,0,0,0,0,0,0,1,1,1,1,0,0,0,0,0,0,1,0,0,1,1,0,1,1,0,0,1,1,0,,0,1,0,1,0,0,0,0,0,,0,0,0,0,0,1,1,0,0,1,0,0,1,0,0,1,,1,,,,0,0,0,0,0,0,0,,0,,,,1,0,,1,0,0,0,,,0,0,0,0,0,0,0,0,,0
220,0,0,1,1,0,0,0,0,0,0,1,1,0,1,0,0,0,0,0,0,1,0,0,1,1,0,1,1,0,0,1,1,0,,0,1,0,1,0,0,0,0,0,,0,0,0,0,0,1,1,0,0,0,0,0,1,0,0,1,,1,,,,0,0,0,0,0,0,0,,0,,,,1,,,1,0,0,0,,,0,0,0,0,0,0,0,0,,0
221,0,0,1,1,0,0,0,0,0,0,1,1,0,1,0,0,0,0,0,0,1,0,0,1,1,0,1,1,0,0,1,1,0,,0,1,0,1,0,0,0,0,0,,0,0,0,0,0,1,1,0,0,0,0,0,1,0,0,1,,1,,,,0,0,0,0,0,0,0,,0,,,,1,,,0,0,0,0,,,0,0,0,0,0,0,0,0,,0
222,0,0,1,1,0,0,0,0,0,0,1,1,0,1,0,0,0,0,0,0,1,0,0,1,1,0,1,1,0,0,1,1,0,,0,1,0,1,0,0,0,0,0,,0,0,0,0,0,1,1,0,0,0,0,0,1,0,0,1,,1,,,,0,0,0,0,0,0,0,,0,,,,1,,,0,0,0,0,,,0,0,0,0,0,0,0,0,,0
223,0,0,1,1,0,0,0,0,0,0,1,1,0,1,0,0,0,0,0,0,1,0,0,1,1,0,1,1,0,0,1,1,0,,0,1,0,1,0,0,0,0,0,,0,0,0,0,0,1,1,0,0,0,0,0,1,0,0,1,,1,,,,0,0,0,0,0,0,0,,0,,,,1,,,0,0,0,0,,,0,0,0,0,0,0,0,0,,0
224,0,0,1,1,0,0,0,0,0,0,1,1,0,1,0,0,0,0,0,0,0,0,0,1,1,0,1,1,0,0,1,0,0,,0,1,0,1,0,0,0,0,0,,0,0,0,0,0,0,1,0,0,0,0,0,0,0,0,1,,1,,,,0,0,,0,0,0,0,,0,,,,1,,,0,0,0,0,,,0,0,0,0,0,0,0,0,,0
225,0,0,1,1,0,0,0,0,0,0,1,1,0,1,0,0,0,0,0,0,0,0,0,1,1,0,1,1,0,0,1,0,0,,0,1,0,1,0,0,0,0,0,,0,0,0,0,0,0,1,0,0,0,0,0,0,0,0,1,,1,,,,0,0,,0,0,0,0,,0,,,,1,,,0,0,0,0,,,0,0,0,0,0,0,0,0,,0
226,0,0,1,1,0,0,0,0,0,0,1,1,0,1,0,0,0,0,0,0,0,0,0,1,1,0,0,1,0,0,1,0,0,,,1,0,1,0,0,0,0,0,,0,0,0,0,0,0,1,0,0,0,0,0,0,0,0,1,,1,,,,0,0,,0,0,0,0,,0,,,,1,,,0,0,0,0,,,0,0,0,0,0,0,0,0,,0
227,0,0,1,1,0,0,0,0,0,0,1,1,0,1,0,0,0,0,0,0,0,0,0,1,1,0,0,1,0,0,1,0,0,,,1,0,1,0,0,0,0,0,,0,0,0,0,0,0,1,0,0,0,0,0,0,0,0,1,,1,,,,0,0,,0,0,0,0,,0,,,,1,,,0,0,0,0,,,0,0,0,0,0,0,0,0,,0
228,0,0,1,1,0,0,0,0,0,0,1,1,0,1,0,0,0,0,0,0,0,0,0,1,1,0,0,1,0,0,1,0,0,,,1,0,1,0,0,0,0,0,,0,0,0,0,0,0,1,0,0,0,0,0,0,0,0,1,,1,,,,0,0,,0,0,0,0,,0,,,,1,,,0,0,0,0,,,0,0,0,0,0,0,0,0,,0
229,0,0,1,1,0,0,0,0,0,0,1,1,0,1,0,0,0,0,0,0,0,0,0,1,1,0,0,1,0,0,1,0,0,,,1,0,1,0,0,0,0,0,,0,0,0,0,0,0,1,0,0,0,0,0,0,0,0,1,,1,,,,0,0,,0,0,0,0,,0,,,,1,,,0,0,0,0,,,0,0,0,0,0,0,0,0,,0
230,0,0,0,1,0,0,0,0,0,0,1,1,0,1,0,0,0,0,0,0,0,0,0,1,1,0,0,1,0,0,1,0,0,,,1,0,1,0,0,0,0,0,,0,0,0,0,0,0,1,0,0,0,0,0,0,0,0,1,,1,,,,0,0,,0,0,0,0,,0,,,,1,,,0,0,0,0,,,0,0,0,0,0,0,0,0,,0
231,0,0,0,1,0,0,0,0,0,0,1,1,0,1,0,0,0,0,0,0,0,0,0,1,1,0,0,1,0,0,1,0,0,,,1,0,1,0,0,0,0,0,,0,0,0,0,0,0,1,0,0,0,0,0,0,0,0,1,,1,,,,0,0,,0,0,0,0,,0,,,,1,,,0,0,0,0,,,0,0,0,0,0,0,0,0,,0
232,0,0,0,1,0,0,0,0,0,0,1,1,0,1,0,0,0,0,0,0,0,0,0,1,1,0,0,1,0,0,1,0,0,,,1,0,1,0,0,0,0,0,,0,0,0,0,0,0,1,0,0,0,0,0,0,0,0,1,,1,,,,0,0,,0,0,0,0,,0,,,,1,,,0,0,0,0,,,0,0,0,0,0,0,0,0,,0
233,0,0,0,1,0,0,0,0,0,0,1,1,0,1,0,0,0,0,0,0,0,0,0,1,1,0,0,1,0,0,1,0,0,,,1,0,1,0,0,0,0,0,,0,0,0,0,0,0,1,0,0,0,0,0,0,0,0,1,,1,,,,0,0,,0,0,0,0,,0,,,,1,,,0,0,0,0,,,0,0,0,0,0,0,0,0,,0
234,0,0,0,1,0,0,0,0,0,0,1,0,0,1,0,0,0,0,0,0,0,0,0,1,1,0,0,0,0,0,1,0,0,,,1,0,1,0,0,0,0,0,,0,0,0,0,0,0,1,0,0,0,0,0,0,0,0,1,,1,,,,0,0,,0,0,0,0,,0,,,,1,,,0,0,0,0,,,0,0,0,0,0,0,0,0,,0
235,0,0,0,1,0,0,0,0,0,0,1,0,0,1,0,0,0,0,0,0,0,0,0,1,1,0,0,0,0,0,1,0,0,,,1,0,1,0,0,0,0,0,,0,0,0,0,0,0,1,0,0,0,0,0,0,0,0,1,,0,,,,0,0,,0,0,0,0,,0,,,,1,,,0,0,0,0,,,0,0,0,0,0,0,0,0,,0
236,0,0,0,1,0,0,0,0,0,0,1,0,0,1,0,0,0,0,0,0,0,0,0,1,1,0,0,0,0,0,1,0,0,,,1,0,1,0,0,0,0,0,,0,0,0,0,0,0,1,0,0,0,0,0,0,0,0,1,,0,,,,0,0,,0,0,0,0,,0,,,,1,,,0,0,0,0,,,0,0,0,0,0,0,0,0,,0
237,0,0,0,1,0,0,0,0,0,0,1,0,0,1,0,0,0,0,0,0,0,0,0,1,1,0,0,0,0,0,1,0,0,,,1,0,1,0,0,0,0,0,,0,0,0,0,0,0,1,0,0,0,0,0,0,0,0,1,,0,,,,0,0,,0,0,0,0,,0,,,,1,,,0,0,0,0,,,0,0,0,0,0,0,0,0,,0
238,0,0,0,1,0,0,0,0,0,0,1,0,0,1,0,0,0,0,0,0,0,0,0,1,1,0,0,0,0,0,1,0,0,,,1,0,1,0,0,0,0,0,,0,0,0,0,0,0,0,0,0,0,0,0,0,0,0,1,,0,,,,0,0,,0,0,0,0,,0,,,,1,,,0,0,0,0,,,0,0,0,0,0,0,0,0,,0
239,0,0,0,1,0,0,0,0,0,0,1,0,0,1,0,0,0,0,0,0,0,0,0,0,1,0,0,0,0,0,1,0,0,,,1,0,1,0,0,0,0,0,,0,0,0,0,0,0,0,0,0,0,0,0,0,0,0,0,,0,,,,0,0,,0,0,0,0,,0,,,,1,,,0,0,0,0,,,0,0,0,0,0,0,0,0,,0
240,0,0,0,1,0,0,0,0,0,0,1,0,0,1,0,0,0,0,0,0,0,0,0,0,1,0,0,0,0,0,1,0,0,,,1,0,1,0,0,0,0,0,,0,0,0,0,0,0,0,0,0,0,0,0,0,0,0,0,,0,,,,0,0,,0,0,0,0,,0,,,,1,,,0,0,0,0,,,0,0,0,0,0,0,0,0,,0
241,0,0,0,1,0,0,0,0,0,0,1,0,0,1,0,0,0,0,0,0,0,0,0,0,1,0,0,0,0,0,1,0,0,,,1,0,1,0,0,0,0,0,,0,0,0,0,0,0,0,0,0,0,0,0,0,0,0,0,,0,,,,0,0,,0,0,0,0,,0,,,,1,,,0,0,0,0,,,0,0,0,0,0,0,0,0,,0
242,0,0,0,1,0,0,0,0,0,0,0,0,0,1,0,0,0,0,0,0,0,0,0,0,1,0,0,0,0,0,1,0,0,,,1,0,1,0,0,0,0,0,,0,0,0,0,0,0,0,0,0,0,0,0,0,0,0,0,,0,,,,0,0,,0,0,0,0,,0,,,,1,,,0,0,0,0,,,0,0,0,0,0,0,0,0,,0
243,0,0,0,1,0,0,0,0,0,0,0,0,0,1,0,0,0,0,0,0,0,0,0,0,1,0,0,0,0,0,1,0,0,,,1,0,1,0,0,0,0,0,,0,0,0,0,0,0,0,0,0,0,0,,0,0,0,0,,0,,,,0,0,,0,0,0,0,,0,,,,1,,,0,0,0,0,,,0,0,0,0,0,0,0,0,,0
244,0,0,0,1,0,0,0,0,0,0,0,0,0,1,0,0,0,0,0,0,0,0,0,0,1,0,0,0,0,0,1,0,0,,,1,0,1,0,0,0,0,0,,0,0,0,0,0,0,0,0,0,0,0,,0,0,0,0,,0,,,,0,0,,0,0,0,0,,0,,,,1,,,0,0,0,0,,,0,0,0,0,0,0,0,0,,0
245,0,0,0,1,0,0,0,0,0,0,0,0,0,0,0,0,0,0,0,0,0,0,0,0,1,0,0,0,0,0,1,0,0,,,1,0,1,0,0,0,0,0,,0,0,0,0,0,0,0,0,0,0,0,,0,0,0,0,,0,,,,0,0,,0,0,0,0,,0,,,,1,,,0,0,0,0,,,0,0,,0,0,0,0,0,,0
246,0,0,0,1,0,0,0,0,0,0,0,0,0,0,0,0,0,0,0,0,0,0,0,0,1,0,0,0,0,0,0,0,0,,,1,0,1,0,0,0,0,0,,0,0,0,0,0,0,0,0,0,0,0,,0,0,0,0,,0,,,,0,0,,0,0,0,0,,0,,,,1,,,0,0,0,0,,,0,0,,0,0,0,0,0,,0
247,0,0,0,1,0,0,0,0,0,0,0,0,0,0,0,0,0,0,0,0,0,0,0,0,1,0,0,0,,0,0,0,0,,,1,0,1,0,0,0,0,0,,0,0,0,0,0,0,0,0,0,0,0,,0,0,0,0,,0,,,,0,0,,0,0,0,0,,0,,,,1,,,0,0,0,0,,,0,0,,0,0,0,0,0,,0
248,0,0,0,1,0,0,0,0,0,0,0,0,0,0,0,0,0,0,0,0,0,0,0,0,1,0,0,0,,0,0,0,0,,,1,0,1,0,0,0,0,0,,0,0,0,0,0,0,0,0,0,0,0,,0,0,0,0,,0,,,,0,0,,0,0,0,0,,0,,,,1,,,0,0,0,0,,,0,0,,0,0,0,0,0,,0
249,0,0,0,1,0,0,0,0,0,0,0,0,0,0,0,0,0,0,0,0,0,0,0,0,1,0,0,0,,0,0,0,0,,,1,0,1,0,0,0,0,0,,0,0,0,0,0,0,0,0,0,0,0,,0,0,0,0,,0,,,,0,0,,0,0,0,0,,0,,,,1,,,0,0,0,0,,,0,0,,0,0,0,0,0,,0
250,0,0,0,1,0,0,0,0,0,0,0,0,0,0,0,0,0,0,0,0,0,0,0,0,1,0,0,0,,0,0,0,0,,,1,0,1,0,0,0,0,0,,0,0,0,0,0,0,0,0,0,0,0,,0,0,0,0,,0,,,,0,0,,0,0,0,0,,0,,,,1,,,0,0,0,0,,,0,0,,0,0,0,0,0,,0
251,0,0,0,1,0,0,0,0,0,0,0,0,0,0,0,0,0,0,0,0,0,0,0,0,1,0,0,0,,0,0,0,0,,,1,0,1,0,0,0,0,0,,0,0,0,0,0,0,0,0,0,0,0,,0,0,0,0,,0,,,,0,0,,0,0,0,0,,0,,,,1,,,0,0,0,0,,,0,0,,0,0,0,0,0,,0
252,0,0,0,1,0,0,0,0,0,0,0,0,0,0,0,0,0,0,0,0,0,0,0,0,1,0,0,0,,0,0,0,0,,,1,0,1,0,0,0,0,0,,0,0,0,0,0,0,0,0,0,0,0,,0,0,0,0,,0,,,,0,0,,0,0,0,0,,0,,,,1,,,0,0,0,0,,,0,0,,0,0,0,0,0,,0
253,0,0,0,1,0,0,0,0,0,0,0,0,0,0,0,0,0,0,0,0,0,0,0,0,1,0,0,0,,0,0,0,0,,,1,0,1,0,0,0,0,0,,0,0,0,0,0,0,0,0,0,0,0,,0,0,0,0,,0,,,,0,0,,0,0,0,0,,0,,,,1,,,0,0,0,0,,,0,0,,0,0,0,0,0,,0
254,0,0,0,1,0,0,0,0,0,0,0,0,0,0,0,0,0,0,0,0,0,0,0,0,1,0,0,0,,0,0,0,0,,,1,0,1,0,0,0,0,0,,0,0,0,0,0,0,0,0,0,0,0,,0,0,0,0,,0,,,,0,0,,0,0,0,0,,0,,,,1,,,0,0,0,0,,,0,0,,0,0,0,0,0,,0
255,0,0,0,1,0,0,0,0,,0,0,0,0,0,0,0,0,0,0,0,0,0,0,0,1,0,0,0,,0,0,0,0,,,1,0,1,0,0,0,0,0,,0,0,0,0,0,0,0,0,0,0,0,,0,0,,0,,0,,,,0,0,,0,0,0,0,,0,,,,1,,,0,0,0,0,,,0,0,,0,0,0,0,0,,0
256,0,0,0,1,0,0,0,0,,0,0,0,0,0,0,0,0,0,0,0,0,0,0,0,0,0,0,0,,0,0,0,0,,,1,0,1,0,0,0,0,0,,0,0,0,0,0,0,0,0,0,0,0,,0,0,,0,,0,,,,0,0,,0,0,0,0,,0,,,,1,,,0,0,0,0,,,0,0,,0,0,0,0,0,,0
257,0,0,0,1,0,0,0,0,,0,0,0,0,0,0,0,0,0,0,0,0,0,0,0,0,0,0,0,,0,0,0,0,,,1,0,1,0,0,0,0,0,,0,0,0,0,0,0,0,0,0,0,0,,0,0,,0,,0,,,,0,0,,0,0,0,0,,0,,,,1,,,0,0,0,0,,,0,0,,0,0,0,0,0,,0
258,0,0,0,1,0,0,0,0,,0,0,0,0,0,0,0,0,0,0,0,0,0,,0,0,0,0,0,,0,0,0,0,,,1,0,1,0,0,0,0,0,,0,0,0,0,0,0,0,0,0,0,0,,0,0,,0,,0,,,,0,0,,0,0,0,0,,0,,,,1,,,0,0,0,0,,,0,0,,0,0,0,0,0,,0
259,0,0,0,1,0,0,0,0,,0,0,0,0,0,0,0,0,0,0,0,0,0,,0,0,0,0,0,,0,0,0,0,,,1,0,0,0,0,0,0,0,,0,0,0,0,0,0,0,0,0,0,0,,0,0,,0,,0,,,,0,0,,0,0,0,0,,0,,,,1,,,0,0,0,0,,,0,0,,0,0,0,0,,,0
260,0,0,0,1,0,0,0,0,,0,0,0,0,0,0,0,0,0,0,0,0,0,,0,0,0,0,0,,0,0,0,0,,,1,0,0,0,0,0,0,0,,0,0,0,0,0,0,0,0,0,0,0,,0,0,,0,,0,,,,0,0,,0,0,0,0,,0,,,,1,,,0,0,0,0,,,0,0,,0,0,0,0,,,0
261,0,0,0,1,0,0,0,0,,0,0,0,0,0,0,0,0,0,0,0,0,0,,0,0,0,0,0,,0,0,0,0,,,1,0,0,0,0,0,0,0,,0,0,0,0,0,0,0,0,0,0,0,,0,0,,0,,0,,,,0,0,,0,0,0,0,,0,,,,1,,,0,0,0,0,,,0,0,,0,0,0,0,,,0
262,0,0,0,1,0,0,0,0,,0,0,0,0,0,0,0,0,0,0,0,0,0,,0,0,0,0,0,,0,0,0,0,,,0,,0,0,0,0,0,0,,0,0,0,0,0,0,0,0,0,0,0,,0,0,,0,,0,,,,0,0,,0,0,0,0,,0,,,,1,,,0,0,0,0,,,0,0,,0,0,0,0,,,0
263,0,0,0,1,0,0,0,0,,0,0,0,0,0,0,0,0,0,0,0,0,0,,0,0,0,0,0,,0,0,0,0,,,0,,0,0,0,0,0,0,,0,0,0,0,0,0,0,0,0,0,0,,0,0,,0,,0,,,,0,0,,0,0,0,0,,0,,,,1,,,0,0,0,0,,,0,,,0,0,0,0,,,0
264,0,0,0,1,0,0,0,0,,0,0,0,0,0,0,0,0,0,0,0,0,0,,0,0,0,0,0,,0,0,0,0,,,0,,0,0,0,0,0,0,,0,0,0,0,0,0,0,0,0,0,0,,0,0,,0,,0,,,,0,0,,0,0,0,0,,0,,,,1,,,0,0,0,0,,,0,,,0,0,0,0,,,0
265,0,0,0,1,0,0,0,0,,0,0,0,0,0,0,0,0,0,0,0,0,0,,0,0,0,0,0,,0,0,0,0,,,0,,0,0,0,0,0,0,,0,0,0,0,,0,0,0,0,0,0,,0,0,,0,,0,,,,0,,,0,0,0,0,,0,,,,1,,,0,0,0,0,,,0,,,0,0,0,0,,,0
266,0,0,0,1,0,0,0,0,,0,0,0,0,0,0,0,0,0,0,0,0,0,,0,0,0,0,0,,0,0,0,0,,,0,,0,0,0,0,0,0,,0,0,0,0,,0,0,0,0,0,0,,0,0,,0,,0,,,,,,,0,0,0,0,,0,,,,1,,,0,0,0,0,,,0,,,0,0,0,0,,,0
267,0,0,0,1,0,0,0,0,,0,0,0,0,0,0,0,0,0,0,0,0,0,,0,0,0,0,0,,0,0,0,0,,,0,,0,0,0,0,0,0,,0,0,0,0,,0,0,0,0,0,0,,0,0,,0,,0,,,,,,,0,0,0,0,,0,,,,1,,,0,0,0,0,,,0,,,0,0,0,0,,,0
268,0,0,0,1,0,0,0,0,,0,0,0,0,0,0,0,0,0,0,0,0,0,,0,0,0,0,0,,0,0,0,0,,,0,,0,0,0,0,0,0,,0,0,0,0,,0,0,0,0,0,0,,0,0,,0,,0,,,,,,,0,0,0,0,,0,,,,1,,,0,0,0,0,,,0,,,0,0,0,0,,,0
269,0,0,0,1,0,0,0,0,,0,0,0,0,0,0,0,0,0,0,0,0,0,,0,0,0,0,0,,0,0,0,0,,,0,,0,0,0,0,0,0,,0,0,0,0,,0,0,0,0,0,0,,0,0,,0,,0,,,,,,,0,0,0,0,,0,,,,1,,,0,0,0,0,,,0,,,0,0,0,0,,,0
270,0,0,0,1,0,0,0,0,,0,0,0,0,0,0,0,0,0,0,0,0,0,,0,0,0,0,0,,0,0,0,0,,,0,,0,0,0,0,0,0,,0,0,0,0,,0,0,0,0,0,0,,0,0,,0,,0,,,,,,,0,0,0,0,,0,,,,1,,,0,0,0,0,,,0,,,0,0,0,0,,,0
271,0,0,0,1,0,0,0,0,,0,0,0,0,0,0,,0,0,0,0,0,0,,0,0,0,0,0,,0,0,0,0,,,0,,0,0,0,0,0,0,,0,0,0,0,,0,0,0,0,0,0,,0,0,,0,,0,,,,,,,0,0,0,0,,0,,,,1,,,0,0,0,0,,,0,,,0,0,0,0,,,0
272,0,0,0,1,0,0,0,0,,0,0,0,0,0,0,,0,0,0,0,0,0,,0,0,0,0,0,,0,0,0,0,,,0,,0,0,0,0,0,0,,0,0,0,0,,0,0,0,0,0,0,,0,0,,0,,0,,,,,,,0,0,0,0,,0,,,,1,,,0,0,0,0,,,0,,,0,0,0,0,,,0
273,0,0,0,1,0,0,0,0,,0,0,0,0,0,0,,0,0,0,0,0,0,,0,0,0,0,0,,0,0,0,0,,,0,,0,0,0,0,0,0,,0,0,0,0,,0,0,0,0,0,0,,0,0,,0,,0,,,,,,,0,0,0,0,,0,,,,1,,,0,0,0,0,,,0,,,0,0,0,0,,,0
274,0,0,0,1,0,0,0,0,,0,0,0,0,0,0,,0,0,0,0,0,0,,0,0,0,0,0,,0,0,0,0,,,0,,0,0,0,0,0,0,,0,0,0,0,,0,0,0,0,0,0,,0,0,,0,,0,,,,,,,0,0,0,0,,0,,,,0,,,0,0,0,0,,,0,,,0,0,0,0,,,0
275,0,0,0,0,0,0,0,0,,0,0,0,0,0,0,,0,0,0,0,0,0,,0,0,0,0,0,,0,0,0,0,,,0,,0,0,0,0,0,0,,0,0,0,0,,0,0,0,0,0,0,,0,0,,0,,0,,,,,,,0,0,0,,,0,,,,0,,,0,0,0,0,,,0,,,0,0,0,0,,,0
276,0,0,0,0,0,0,0,0,,0,0,0,0,0,0,,0,0,0,0,0,0,,0,0,0,0,0,,0,0,0,0,,,0,,0,0,0,0,0,0,,0,0,0,0,,0,0,0,0,0,0,,0,0,,0,,0,,,,,,,0,0,0,,,0,,,,0,,,0,0,0,0,,,0,,,0,0,0,0,,,0
277,0,0,0,0,0,0,0,0,,0,0,0,0,0,0,,0,0,0,0,0,0,,0,0,0,0,0,,0,0,0,0,,,0,,0,0,0,0,0,0,,0,0,0,0,,0,0,0,0,0,0,,0,0,,0,,0,,,,,,,0,0,0,,,0,,,,0,,,0,0,0,0,,,0,,,0,0,0,0,,,0
278,0,0,0,0,0,0,0,0,,0,0,0,0,0,0,,0,0,0,0,0,0,,0,0,0,0,0,,0,0,0,0,,,0,,0,0,0,0,0,0,,0,0,0,0,,0,0,0,0,0,0,,0,0,,0,,0,,,,,,,0,0,0,,,0,,,,0,,,0,0,0,0,,,0,,,0,0,0,0,,,0
279,0,0,0,0,0,0,0,0,,0,0,0,0,0,0,,0,0,0,0,0,0,,0,0,0,0,0,,0,0,0,0,,,0,,0,0,0,0,0,0,,0,0,0,0,,0,0,0,0,0,0,,0,0,,0,,0,,,,,,,0,0,0,,,0,,,,0,,,0,0,0,0,,,0,,,0,0,0,0,,,0
280,0,0,0,0,0,0,0,0,,0,0,0,0,0,0,,0,0,0,0,0,0,,0,0,0,0,0,,0,0,0,0,,,0,,0,0,0,0,0,0,,0,0,0,0,,0,0,0,0,0,0,,0,0,,0,,0,,,,,,,0,0,0,,,0,,,,0,,,0,0,0,0,,,0,,,0,0,0,0,,,0
281,0,0,0,0,0,0,0,0,,0,0,0,0,0,0,,0,0,0,0,0,0,,0,0,0,0,0,,0,0,0,0,,,0,,0,0,0,0,0,0,,0,0,0,0,,0,0,0,0,0,0,,0,0,,0,,0,,,,,,,0,0,0,,,0,,,,0,,,0,0,0,0,,,0,,,0,0,0,0,,,0
282,0,0,0,0,0,0,0,0,,0,0,0,0,0,0,,0,0,0,0,0,0,,0,0,0,0,0,,0,0,0,0,,,0,,0,0,0,0,0,0,,0,0,0,0,,0,0,0,0,0,0,,0,0,,0,,0,,,,,,,0,0,0,,,0,,,,0,,,0,0,0,0,,,0,,,0,0,0,0,,,0
283,0,0,0,0,0,0,0,0,,0,0,0,0,0,0,,0,0,0,0,0,0,,0,0,0,0,0,,0,0,0,0,,,0,,0,0,0,0,0,0,,0,0,0,0,,0,0,0,0,0,0,,0,0,,0,,0,,,,,,,0,0,0,,,0,,,,0,,,0,0,0,0,,,0,,,0,0,0,0,,,0
284,0,0,0,0,0,0,0,0,,0,0,0,0,0,0,,0,0,0,0,0,0,,0,0,0,0,0,,0,0,0,0,,,0,,0,0,0,0,0,0,,0,0,0,0,,0,0,0,0,0,0,,0,0,,0,,0,,,,,,,0,0,0,,,0,,,,0,,,0,0,0,0,,,0,,,0,0,0,0,,,0
285,0,0,0,0,0,0,0,0,,0,0,0,0,0,0,,0,0,0,0,0,0,,0,0,0,0,0,,0,0,0,0,,,0,,0,0,0,0,0,0,,0,0,0,0,,0,0,0,0,0,0,,0,0,,0,,0,,,,,,,0,0,0,,,0,,,,0,,,0,0,0,0,,,0,,,0,0,0,0,,,0
286,0,0,0,0,0,0,0,0,,0,0,0,0,0,0,,0,0,0,0,0,0,,0,0,0,0,0,,0,0,0,0,,,0,,0,0,0,0,0,0,,0,0,0,0,,0,0,0,0,0,0,,0,0,,0,,0,,,,,,,0,0,0,,,0,,,,0,,,0,0,0,0,,,0,,,0,0,0,0,,,0
287,0,0,0,0,,0,0,0,,0,0,0,0,0,0,,0,0,0,0,0,0,,0,0,0,0,0,,0,0,0,0,,,0,,0,0,0,0,0,0,,0,0,0,0,,0,0,0,0,0,0,,0,0,,0,,0,,,,,,,0,0,0,,,0,,,,0,,,0,0,0,0,,,0,,,0,0,0,,,,0
288,0,0,0,0,,0,0,0,,0,0,0,0,0,0,,0,0,0,0,0,0,,0,0,0,0,0,,0,0,0,0,,,0,,0,0,0,0,0,0,,0,0,0,0,,0,0,0,0,0,0,,0,0,,0,,0,,,,,,,0,0,0,,,0,,,,0,,,0,0,0,0,,,0,,,0,0,0,,,,0
289,0,0,0,0,,0,0,0,,0,0,0,0,0,0,,0,0,0,0,0,0,,0,0,0,0,0,,0,0,0,0,,,0,,0,0,0,0,0,0,,0,0,0,0,,0,0,0,0,0,0,,0,0,,0,,0,,,,,,,0,0,0,,,0,,,,0,,,0,0,0,0,,,0,,,0,0,0,,,,0
290,0,0,0,0,,0,0,0,,0,0,0,0,0,0,,0,0,0,0,0,0,,0,0,0,0,0,,0,0,0,0,,,0,,0,0,0,0,0,0,,0,0,0,0,,0,0,0,0,0,0,,0,0,,0,,0,,,,,,,0,0,0,,,0,,,,0,,,0,0,0,0,,,0,,,0,0,0,,,,0
291,0,0,0,0,,0,0,0,,0,0,0,0,0,0,,0,0,0,0,0,0,,0,0,0,0,0,,0,0,0,0,,,0,,0,0,0,0,0,0,,0,0,0,0,,0,0,0,0,0,0,,0,0,,0,,0,,,,,,,0,0,0,,,0,,,,0,,,0,0,0,0,,,0,,,0,0,0,,,,0
292,0,0,0,0,,0,0,0,,0,0,0,0,0,0,,0,0,0,0,0,,,0,0,0,0,0,,0,0,0,0,,,0,,0,0,0,0,0,0,,0,0,0,0,,0,0,0,0,0,0,,0,0,,0,,0,,,,,,,0,0,0,,,0,,,,0,,,0,0,0,0,,,0,,,0,0,0,,,,0
293,0,0,0,0,,0,0,0,,0,0,0,0,0,0,,0,0,0,0,0,,,0,0,0,0,0,,0,0,0,0,,,0,,0,0,0,0,0,0,,0,0,0,0,,0,0,0,0,0,0,,0,0,,0,,0,,,,,,,0,0,0,,,0,,,,0,,,0,0,0,0,,,0,,,0,0,0,,,,0
294,0,,0,0,,0,0,0,,0,0,0,0,0,0,,0,0,,0,0,,,0,0,0,0,0,,0,0,0,0,,,0,,0,0,0,0,0,,,0,0,0,0,,0,0,0,0,0,0,,0,0,,0,,0,,,,,,,0,0,0,,,0,,,,0,,,0,0,0,0,,,0,,,0,0,0,,,,0
295,0,,0,0,,0,0,0,,0,0,0,0,0,0,,0,0,,0,0,,,0,0,0,0,0,,0,0,0,0,,,0,,0,0,0,0,0,,,0,0,0,0,,0,0,0,0,0,0,,0,0,,0,,0,,,,,,,0,0,0,,,0,,,,0,,,0,0,0,0,,,0,,,0,0,0,,,,0
296,0,,0,0,,0,0,0,,0,0,0,0,0,0,,0,0,,0,0,,,0,0,0,0,0,,,0,0,0,,,0,,0,0,0,0,0,,,0,0,0,0,,0,0,0,0,0,0,,0,0,,0,,0,,,,,,,0,0,0,,,0,,,,0,,,0,0,0,0,,,0,,,0,0,0,,,,0
297,0,,0,0,,0,0,0,,0,0,0,0,0,0,,0,0,,0,0,,,0,0,0,0,0,,,0,0,0,,,0,,0,0,0,0,0,,,0,0,0,0,,0,0,0,0,0,0,,0,0,,0,,0,,,,,,,0,,0,,,0,,,,0,,,0,0,0,0,,,0,,,0,0,0,,,,0
298,0,,0,0,,0,0,0,,0,0,0,0,0,0,,0,0,,0,0,,,0,0,0,0,0,,,0,0,0,,,0,,0,0,0,0,0,,,0,0,0,0,,0,0,0,0,0,0,,0,0,,0,,0,,,,,,,0,,0,,,0,,,,0,,,0,0,0,0,,,0,,,0,0,0,,,,0
299,0,,0,0,,0,0,0,,0,0,0,0,0,0,,0,0,,0,0,,,0,0,0,0,0,,,0,0,0,,,0,,0,0,0,0,0,,,0,0,0,0,,0,0,0,0,0,0,,0,0,,0,,0,,,,,,,0,,0,,,0,,,,0,,,0,0,0,0,,,0,,,0,0,0,,,,0
300,0,,0,0,,0,0,0,,0,0,0,0,0,0,,0,0,,0,0,,,0,0,0,0,0,,,0,0,0,,,0,,0,0,0,0,0,,,0,0,0,0,,0,0,0,0,0,0,,0,0,,0,,0,,,,,,,0,,0,,,0,,,,0,,,0,0,0,0,,,0,,,0,0,0,,,,0
301,0,,0,0,,0,0,,,0,0,0,0,0,0,,0,0,,0,0,,,0,0,0,0,0,,,0,0,0,,,0,,0,0,0,0,0,,,0,0,0,0,,0,0,0,0,0,0,,0,0,,0,,0,,,,,,,0,,0,,,0,,,,0,,,0,0,0,0,,,0,,,0,0,0,,,,0
302,0,,0,0,,0,0,,,0,0,0,0,0,0,,0,0,,0,0,,,0,0,0,0,0,,,0,0,0,,,0,,0,0,0,0,0,,,0,0,0,0,,0,0,0,0,0,0,,0,0,,0,,0,,,,,,,0,,0,,,0,,,,0,,,0,0,0,0,,,0,,,0,0,0,,,,0
303,0,,0,0,,0,,,,0,0,0,0,0,0,,0,,,0,0,,,0,0,,0,0,,,0,0,0,,,0,,0,0,0,0,0,,,0,0,0,0,,0,0,0,0,0,0,,0,0,,0,,0,,,,,,,0,,0,,,0,,,,0,,,0,0,,0,,,0,,,0,0,0,,,,0
304,0,,0,0,,0,,,,0,0,0,0,0,0,,0,,,0,0,,,0,0,,0,,,,0,0,0,,,0,,0,0,0,0,0,,,0,0,0,0,,0,0,0,0,0,0,,0,0,,0,,0,,,,,,,0,,0,,,0,,,,0,,,0,0,,0,,,0,,,0,0,0,,,,0
305,0,,0,0,,0,,,,0,0,0,0,0,0,,0,,,0,0,,,0,0,,0,,,,0,0,0,,,0,,0,0,0,0,0,,,0,0,0,0,,0,0,0,0,0,0,,0,0,,0,,0,,,,,,,0,,0,,,0,,,,0,,,0,0,,0,,,0,,,0,0,0,,,,0
306,0,,0,0,,0,,,,0,0,0,0,0,0,,0,,,0,0,,,0,0,,0,,,,0,0,0,,,0,,0,0,0,0,0,,,0,0,0,0,,0,0,0,0,0,0,,0,0,,0,,0,,,,,,,0,,0,,,0,,,,0,,,0,0,,0,,,0,,,0,0,0,,,,0
307,0,,0,0,,0,,,,0,0,0,0,0,0,,0,,,0,0,,,0,0,,0,,,,0,0,0,,,0,,0,0,0,0,0,,,,0,0,0,,0,0,0,0,0,0,,0,0,,0,,0,,,,,,,0,,0,,,0,,,,0,,,0,0,,0,,,0,,,0,0,0,,,,0
308,0,,0,0,,0,,,,0,0,0,0,0,0,,0,,,0,0,,,0,0,,0,,,,0,0,0,,,0,,0,0,0,0,0,,,,0,0,0,,0,0,0,0,0,0,,0,0,,0,,0,,,,,,,0,,0,,,0,,,,0,,,0,0,,0,,,0,,,0,0,0,,,,0
309,0,,0,0,,0,,,,0,0,0,0,0,0,,0,,,0,0,,,0,0,,0,,,,0,0,0,,,0,,0,0,0,0,0,,,,0,0,0,,0,0,0,0,0,,,0,,,0,,0,,,,,,,0,,0,,,0,,,,0,,,0,0,,0,,,0,,,0,0,0,,,,0
310,0,,0,0,,0,,,,0,0,0,0,0,0,,0,,,0,0,,,0,0,,0,,,,0,0,0,,,0,,0,0,0,0,0,,,,0,0,0,,0,0,0,0,0,,,0,,,0,,0,,,,,,,0,,0,,,0,,,,0,,,0,0,,0,,,0,,,0,0,0,,,,0
311,0,,0,0,,0,,,,0,0,0,0,0,0,,0,,,0,0,,,0,0,,0,,,,0,0,0,,,0,,0,0,0,0,0,,,,0,0,0,,0,0,0,0,0,,,0,,,0,,0,,,,,,,0,,0,,,0,,,,0,,,0,0,,0,,,,,,0,0,0,,,,0
312,,,0,0,,0,,,,0,0,0,0,0,0,,,,,0,0,,,0,0,,0,,,,0,0,0,,,0,,0,0,0,0,0,,,,0,0,0,,0,0,0,0,0,,,0,,,0,,0,,,,,,,0,,0,,,0,,,,0,,,0,0,,0,,,,,,0,0,0,,,,0
313,,,0,0,,0,,,,0,0,0,0,0,0,,,,,0,0,,,0,0,,0,,,,0,0,0,,,0,,0,0,0,0,0,,,,0,0,0,,0,0,0,0,0,,,0,,,0,,0,,,,,,,0,,0,,,0,,,,0,,,0,0,,0,,,,,,0,0,0,,,,0
314,,,0,0,,0,,,,0,0,0,0,0,0,,,,,0,0,,,0,0,,0,,,,0,0,0,,,0,,0,0,0,0,0,,,,0,0,0,,0,0,0,0,0,,,0,,,0,,0,,,,,,,0,,0,,,0,,,,0,,,0,0,,0,,,,,,0,0,0,,,,0
315,,,0,0,,0,,,,0,0,0,0,0,0,,,,,0,0,,,0,0,,0,,,,0,0,0,,,0,,0,0,0,0,0,,,,0,0,0,,0,0,0,0,0,,,0,,,0,,0,,,,,,,0,,0,,,0,,,,0,,,0,0,,0,,,,,,0,0,0,,,,0
316,,,0,0,,0,,,,0,0,0,0,0,0,,,,,0,0,,,0,0,,0,,,,0,0,0,,,0,,0,0,0,,0,,,,0,0,0,,0,0,0,0,0,,,0,,,0,,0,,,,,,,0,,0,,,0,,,,0,,,0,0,,,,,,,,0,0,,,,,0
317,,,0,0,,0,,,,0,0,0,0,0,0,,,,,0,0,,,0,0,,0,,,,0,0,0,,,0,,0,0,0,,0,,,,0,0,0,,0,0,0,0,0,,,0,,,0,,0,,,,,,,0,,0,,,0,,,,0,,,0,0,,,,,,,,0,,,,,,0
318,,,0,0,,0,,,,0,0,0,0,0,,,,,,0,0,,,0,0,,0,,,,0,0,0,,,0,,0,0,0,,0,,,,0,0,0,,0,0,0,0,0,,,0,,,0,,0,,,,,,,0,,0,,,0,,,,0,,,0,0,,,,,,,,0,,,,,,0
319,,,0,0,,0,,,,0,0,0,0,0,,,,,,0,0,,,0,0,,0,,,,0,0,0,,,0,,0,0,0,,0,,,,0,0,0,,0,0,0,0,0,,,0,,,0,,0,,,,,,,0,,0,,,0,,,,0,,,0,0,,,,,,,,0,,,,,,0
320,,,0,0,,0,,,,0,0,0,0,0,,,,,,0,0,,,0,0,,0,,,,0,0,0,,,0,,0,0,0,,0,,,,0,0,0,,0,0,0,0,0,,,0,,,0,,0,,,,,,,0,,0,,,0,,,,0,,,0,0,,,,,,,,0,,,,,,0
321,,,0,0,,0,,,,0,0,0,0,0,,,,,,0,0,,,0,0,,0,,,,0,0,0,,,0,,0,0,0,,0,,,,0,0,0,,0,0,0,0,0,,,0,,,0,,0,,,,,,,0,,,,,0,,,,0,,,0,0,,,,,,,,0,,,,,,0
322,,,0,0,,0,,,,0,0,0,0,0,,,,,,0,0,,,0,0,,0,,,,0,0,0,,,0,,0,0,0,,0,,,,0,0,0,,0,0,0,0,0,,,0,,,0,,0,,,,,,,0,,,,,0,,,,0,,,0,0,,,,,,,,0,,,,,,0
323,,,0,0,,0,,,,0,0,0,0,0,,,,,,0,0,,,0,0,,0,,,,0,0,0,,,0,,0,0,,,0,,,,0,0,0,,0,0,0,0,0,,,0,,,0,,0,,,,,,,0,,,,,0,,,,0,,,0,0,,,,,,,,0,,,,,,0
324,,,0,0,,0,,,,0,0,0,0,0,,,,,,0,0,,,0,0,,0,,,,0,0,0,,,0,,0,0,,,0,,,,0,0,0,,0,0,0,0,0,,,0,,,0,,0,,,,,,,0,,,,,0,,,,0,,,0,0,,,,,,,,0,,,,,,0
325,,,0,0,,0,,,,0,0,0,0,0,,,,,,0,0,,,0,0,,0,,,,0,0,0,,,0,,0,0,,,0,,,,0,0,0,,0,0,0,0,0,,,0,,,0,,0,,,,,,,0,,,,,0,,,,0,,,0,0,,,,,,,,0,,,,,,0
326,,,0,0,,0,,,,0,0,0,0,0,,,,,,0,0,,,0,0,,0,,,,0,0,0,,,0,,0,0,,,0,,,,0,0,0,,0,0,0,0,0,,,0,,,0,,0,,,,,,,,,,,,0,,,,0,,,0,0,,,,,,,,0,,,,,,0
327,,,0,0,,,,,,0,0,0,0,0,,,,,,0,0,,,0,0,,0,,,,0,0,0,,,0,,0,0,,,0,,,,,0,0,,0,0,0,0,0,,,0,,,0,,0,,,,,,,,,,,,0,,,,0,,,0,0,,,,,,,,0,,,,,,0
328,,,0,0,,,,,,0,0,0,0,0,,,,,,0,0,,,0,0,,0,,,,0,0,0,,,0,,0,0,,,0,,,,,0,0,,0,0,0,0,0,,,0,,,0,,0,,,,,,,,,,,,0,,,,0,,,0,0,,,,,,,,0,,,,,,0
329,,,0,0,,,,,,0,0,0,0,0,,,,,,0,0,,,0,0,,0,,,,0,0,0,,,0,,0,0,,,0,,,,,0,0,,0,0,0,0,0,,,0,,,0,,0,,,,,,,,,,,,0,,,,0,,,0,0,,,,,,,,0,,,,,,0
330,,,0,0,,,,,,0,0,0,0,0,,,,,,0,0,,,0,0,,0,,,,0,0,0,,,0,,0,0,,,0,,,,,0,0,,0,0,0,0,0,,,0,,,0,,0,,,,,,,,,,,,0,,,,0,,,0,0,,,,,,,,0,,,,,,0
331,,,0,0,,,,,,0,0,0,0,0,,,,,,0,0,,,0,0,,0,,,,0,0,0,,,0,,0,0,,,0,,,,,0,0,,0,0,0,0,0,,,0,,,0,,0,,,,,,,,,,,,0,,,,0,,,0,0,,,,,,,,,,,,,,0
332,,,0,0,,,,,,0,0,0,0,0,,,,,,0,0,,,0,0,,0,,,,0,0,0,,,0,,0,0,,,0,,,,,0,0,,0,0,0,0,0,,,0,,,0,,0,,,,,,,,,,,,0,,,,0,,,0,0,,,,,,,,,,,,,,0
333,,,0,0,,,,,,0,0,0,0,0,,,,,,0,0,,,0,0,,0,,,,0,0,0,,,0,,0,0,,,0,,,,,0,0,,0,0,0,0,0,,,0,,,0,,0,,,,,,,,,,,,0,,,,0,,,0,0,,,,,,,,,,,,,,0
334,,,0,0,,,,,,0,0,0,0,0,,,,,,0,0,,,0,0,,0,,,,0,0,0,,,0,,0,0,,,0,,,,,0,0,,0,0,0,,0,,,0,,,0,,0,,,,,,,,,,,,0,,,,0,,,0,0,,,,,,,,,,,,,,
335,,,0,0,,,,,,0,0,0,0,0,,,,,,0,0,,,0,0,,0,,,,0,0,0,,,0,,0,0,,,0,,,,,0,0,,0,0,0,,0,,,0,,,0,,0,,,,,,,,,,,,0,,,,0,,,0,0,,,,,,,,,,,,,,
336,,,0,0,,,,,,0,0,0,0,0,,,,,,0,0,,,0,0,,0,,,,0,0,0,,,0,,0,0,,,0,,,,,0,0,,0,0,0,,0,,,0,,,0,,0,,,,,,,,,,,,0,,,,0,,,0,0,,,,,,,,,,,,,,
337,,,0,0,,,,,,0,0,0,0,0,,,,,,0,,,,0,0,,0,,,,0,0,0,,,0,,0,0,,,0,,,,,0,0,,0,0,0,,0,,,0,,,0,,0,,,,,,,,,,,,0,,,,0,,,0,0,,,,,,,,,,,,,,
338,,,0,0,,,,,,0,0,0,0,0,,,,,,0,,,,0,0,,0,,,,0,0,0,,,0,,0,0,,,0,,,,,0,0,,0,0,0,,0,,,0,,,0,,0,,,,,,,,,,,,0,,,,0,,,0,0,,,,,,,,,,,,,,
339,,,0,0,,,,,,0,0,0,0,0,,,,,,0,,,,0,0,,0,,,,0,0,0,,,0,,0,0,,,0,,,,,0,0,,0,0,,,0,,,0,,,0,,0,,,,,,,,,,,,0,,,,0,,,0,0,,,,,,,,,,,,,,
340,,,0,0,,,,,,0,0,0,0,0,,,,,,0,,,,0,0,,0,,,,0,0,0,,,0,,0,0,,,0,,,,,0,0,,0,0,,,0,,,0,,,0,,0,,,,,,,,,,,,0,,,,0,,,0,0,,,,,,,,,,,,,,
341,,,0,0,,,,,,0,0,0,0,0,,,,,,0,,,,0,0,,0,,,,0,0,0,,,0,,0,0,,,0,,,,,0,0,,0,0,,,0,,,0,,,0,,0,,,,,,,,,,,,0,,,,0,,,0,0,,,,,,,,,,,,,,
342,,,0,0,,,,,,0,0,0,0,0,,,,,,,,,,0,0,,0,,,,0,0,0,,,0,,0,0,,,0,,,,,,0,,0,0,,,0,,,0,,,0,,0,,,,,,,,,,,,0,,,,0,,,0,0,,,,,,,,,,,,,,
343,,,0,0,,,,,,0,0,0,0,0,,,,,,,,,,0,0,,0,,,,0,0,0,,,0,,0,0,,,0,,,,,,0,,0,0,,,0,,,0,,,0,,0,,,,,,,,,,,,0,,,,0,,,0,0,,,,,,,,,,,,,,
344,,,0,0,,,,,,0,0,0,0,0,,,,,,,,,,0,0,,0,,,,0,0,0,,,0,,0,0,,,0,,,,,,0,,0,0,,,0,,,0,,,0,,0,,,,,,,,,,,,0,,,,0,,,0,0,,,,,,,,,,,,,,
345,,,0,0,,,,,,0,0,0,0,0,,,,,,,,,,0,0,,0,,,,0,0,0,,,0,,0,0,,,0,,,,,,0,,0,0,,,0,,,0,,,0,,0,,,,,,,,,,,,0,,,,0,,,0,0,,,,,,,,,,,,,,
346,,,0,0,,,,,,0,0,0,0,0,,,,,,,,,,0,0,,0,,,,0,0,0,,,0,,0,0,,,0,,,,,,0,,0,0,,,,,,0,,,0,,0,,,,,,,,,,,,0,,,,0,,,0,0,,,,,,,,,,,,,,
347,,,0,0,,,,,,0,0,0,0,0,,,,,,,,,,0,0,,0,,,,0,0,0,,,0,,0,0,,,0,,,,,,0,,0,0,,,,,,0,,,0,,0,,,,,,,,,,,,0,,,,0,,,0,0,,,,,,,,,,,,,,
348,,,0,0,,,,,,0,0,0,0,0,,,,,,,,,,0,0,,0,,,,0,0,,,,0,,0,0,,,0,,,,,,0,,0,0,,,,,,0,,,0,,0,,,,,,,,,,,,0,,,,0,,,0,0,,,,,,,,,,,,,,
349,,,0,0,,,,,,0,0,0,0,0,,,,,,,,,,0,0,,0,,,,0,0,,,,0,,0,0,,,0,,,,,,0,,0,0,,,,,,0,,,0,,0,,,,,,,,,,,,0,,,,0,,,0,0,,,,,,,,,,,,,,
350,,,0,0,,,,,,0,0,0,0,0,,,,,,,,,,0,0,,0,,,,0,0,,,,0,,0,0,,,0,,,,,,0,,0,0,,,,,,0,,,0,,0,,,,,,,,,,,,0,,,,0,,,0,0,,,,,,,,,,,,,,
351,,,0,0,,,,,,0,0,0,0,0,,,,,,,,,,0,0,,0,,,,0,0,,,,0,,0,0,,,0,,,,,,0,,0,0,,,,,,0,,,0,,0,,,,,,,,,,,,0,,,,0,,,0,0,,,,,,,,,,,,,,
352,,,0,0,,,,,,0,0,0,0,0,,,,,,,,,,0,0,,0,,,,0,0,,,,0,,0,0,,,0,,,,,,0,,0,0,,,,,,0,,,0,,0,,,,,,,,,,,,0,,,,0,,,0,0,,,,,,,,,,,,,,
353,,,0,0,,,,,,0,,0,0,0,,,,,,,,,,0,0,,0,,,,0,0,,,,0,,0,0,,,0,,,,,,0,,0,0,,,,,,0,,,0,,0,,,,,,,,,,,,0,,,,0,,,0,0,,,,,,,,,,,,,,
354,,,0,0,,,,,,0,,0,0,0,,,,,,,,,,0,0,,0,,,,0,0,,,,0,,0,0,,,0,,,,,,0,,0,0,,,,,,0,,,0,,0,,,,,,,,,,,,0,,,,0,,,0,0,,,,,,,,,,,,,,
355,,,0,0,,,,,,0,,0,0,0,,,,,,,,,,0,0,,0,,,,0,0,,,,0,,0,0,,,0,,,,,,0,,0,0,,,,,,0,,,0,,0,,,,,,,,,,,,0,,,,0,,,0,0,,,,,,,,,,,,,,
356,,,0,0,,,,,,0,,0,0,0,,,,,,,,,,0,0,,0,,,,0,0,,,,0,,0,0,,,0,,,,,,0,,0,0,,,,,,,,,0,,0,,,,,,,,,,,,0,,,,0,,,0,0,,,,,,,,,,,,,,
357,,,0,0,,,,,,0,,0,0,0,,,,,,,,,,0,0,,0,,,,0,0,,,,0,,0,0,,,0,,,,,,0,,0,0,,,,,,,,,0,,0,,,,,,,,,,,,0,,,,0,,,0,0,,,,,,,,,,,,,,
358,,,0,0,,,,,,0,,0,0,0,,,,,,,,,,0,0,,0,,,,0,0,,,,0,,0,,,,0,,,,,,0,,0,0,,,,,,,,,0,,0,,,,,,,,,,,,0,,,,0,,,0,0,,,,,,,,,,,,,,
359,,,,0,,,,,,0,,0,0,0,,,,,,,,,,0,0,,0,,,,0,0,,,,0,,0,,,,0,,,,,,0,,0,0,,,,,,,,,0,,0,,,,,,,,,,,,0,,,,0,,,0,0,,,,,,,,,,,,,,
360,,,,0,,,,,,0,,0,0,0,,,,,,,,,,0,0,,0,,,,0,0,,,,0,,0,,,,0,,,,,,0,,0,0,,,,,,,,,0,,0,,,,,,,,,,,,0,,,,0,,,,0,,,,,,,,,,,,,,
361,,,,0,,,,,,0,,0,0,0,,,,,,,,,,0,0,,0,,,,0,0,,,,0,,0,,,,0,,,,,,0,,0,0,,,,,,,,,0,,0,,,,,,,,,,,,0,,,,0,,,,0,,,,,,,,,,,,,,
362,,,,0,,,,,,0,,0,0,0,,,,,,,,,,0,0,,0,,,,0,,,,,0,,0,,,,0,,,,,,0,,0,0,,,,,,,,,0,,0,,,,,,,,,,,,0,,,,0,,,,0,,,,,,,,,,,,,,
363,,,,0,,,,,,0,,0,0,0,,,,,,,,,,0,0,,0,,,,0,,,,,0,,0,,,,0,,,,,,0,,0,0,,,,,,,,,0,,0,,,,,,,,,,,,0,,,,0,,,,0,,,,,,,,,,,,,,
364,,,,0,,,,,,0,,0,0,0,,,,,,,,,,0,0,,0,,,,0,,,,,0,,0,,,,0,,,,,,,,0,0,,,,,,,,,0,,0,,,,,,,,,,,,0,,,,0,,,,0,,,,,,,,,,,,,,
365,,,,0,,,,,,0,,0,,0,,,,,,,,,,0,0,,0,,,,0,,,,,0,,0,,,,0,,,,,,,,0,0,,,,,,,,,0,,0,,,,,,,,,,,,0,,,,0,,,,0,,,,,,,,,,,,,,
366,,,,0,,,,,,0,,0,,0,,,,,,,,,,0,0,,0,,,,0,,,,,0,,0,,,,0,,,,,,,,0,0,,,,,,,,,0,,0,,,,,,,,,,,,0,,,,0,,,,0,,,,,,,,,,,,,,
367,,,,0,,,,,,0,,0,,0,,,,,,,,,,0,0,,0,,,,0,,,,,0,,0,,,,0,,,,,,,,0,0,,,,,,,,,0,,0,,,,,,,,,,,,0,,,,0,,,,0,,,,,,,,,,,,,,
368,,,,0,,,,,,0,,0,,0,,,,,,,,,,0,0,,0,,,,0,,,,,0,,0,,,,0,,,,,,,,0,0,,,,,,,,,0,,0,,,,,,,,,,,,0,,,,0,,,,0,,,,,,,,,,,,,,
369,,,,0,,,,,,0,,0,,0,,,,,,,,,,0,0,,0,,,,0,,,,,0,,0,,,,0,,,,,,,,0,0,,,,,,,,,,,0,,,,,,,,,,,,0,,,,0,,,,0,,,,,,,,,,,,,,
370,,,,0,,,,,,0,,0,,0,,,,,,,,,,0,0,,0,,,,0,,,,,0,,0,,,,0,,,,,,,,0,0,,,,,,,,,,,0,,,,,,,,,,,,0,,,,0,,,,0,,,,,,,,,,,,,,
371,,,,0,,,,,,0,,0,,0,,,,,,,,,,0,0,,0,,,,0,,,,,0,,0,,,,0,,,,,,,,0,0,,,,,,,,,,,0,,,,,,,,,,,,,,,,0,,,,0,,,,,,,,,,,,,,
372,,,,0,,,,,,0,,0,,0,,,,,,,,,,0,0,,0,,,,0,,,,,0,,0,,,,0,,,,,,,,0,0,,,,,,,,,,,0,,,,,,,,,,,,,,,,0,,,,0,,,,,,,,,,,,,,
373,,,,0,,,,,,0,,0,,0,,,,,,,,,,0,0,,0,,,,0,,,,,0,,0,,,,0,,,,,,,,0,0,,,,,,,,,,,0,,,,,,,,,,,,,,,,0,,,,0,,,,,,,,,,,,,,
374,,,,0,,,,,,0,,0,,0,,,,,,,,,,0,0,,0,,,,0,,,,,0,,0,,,,0,,,,,,,,0,0,,,,,,,,,,,0,,,,,,,,,,,,,,,,0,,,,0,,,,,,,,,,,,,,
375,,,,0,,,,,,0,,0,,0,,,,,,,,,,0,0,,0,,,,0,,,,,0,,0,,,,0,,,,,,,,0,0,,,,,,,,,,,0,,,,,,,,,,,,,,,,0,,,,0,,,,,,,,,,,,,,
376,,,,0,,,,,,0,,0,,0,,,,,,,,,,0,0,,,,,,0,,,,,0,,0,,,,0,,,,,,,,0,0,,,,,,,,,,,0,,,,,,,,,,,,,,,,0,,,,0,,,,,,,,,,,,,,
377,,,,0,,,,,,0,,0,,0,,,,,,,,,,,0,,,,,,0,,,,,0,,0,,,,0,,,,,,,,0,0,,,,,,,,,,,0,,,,,,,,,,,,,,,,0,,,,0,,,,,,,,,,,,,,
378,,,,0,,,,,,,,0,,0,,,,,,,,,,,0,,,,,,0,,,,,0,,0,,,,0,,,,,,,,0,0,,,,,,,,,,,0,,,,,,,,,,,,,,,,0,,,,0,,,,,,,,,,,,,,
379,,,,0,,,,,,,,0,,0,,,,,,,,,,,0,,,,,,0,,,,,0,,0,,,,0,,,,,,,,0,0,,,,,,,,,,,0,,,,,,,,,,,,,,,,0,,,,0,,,,,,,,,,,,,,
380,,,,0,,,,,,,,0,,0,,,,,,,,,,,0,,,,,,0,,,,,0,,0,,,,0,,,,,,,,0,0,,,,,,,,,,,0,,,,,,,,,,,,,,,,0,,,,0,,,,,,,,,,,,,,
381,,,,0,,,,,,,,0,,0,,,,,,,,,,,0,,,,,,0,,,,,0,,0,,,,0,,,,,,,,0,0,,,,,,,,,,,0,,,,,,,,,,,,,,,,0,,,,0,,,,,,,,,,,,,,
382,,,,0,,,,,,,,0,,0,,,,,,,,,,,0,,,,,,0,,,,,0,,0,,,,0,,,,,,,,0,0,,,,,,,,,,,0,,,,,,,,,,,,,,,,0,,,,0,,,,,,,,,,,,,,
383,,,,0,,,,,,,,0,,0,,,,,,,,,,,0,,,,,,0,,,,,0,,0,,,,0,,,,,,,,0,0,,,,,,,,,,,0,,,,,,,,,,,,,,,,0,,,,0,,,,,,,,,,,,,,
384,,,,0,,,,,,,,0,,0,,,,,,,,,,,0,,,,,,0,,,,,0,,0,,,,0,,,,,,,,0,0,,,,,,,,,,,0,,,,,,,,,,,,,,,,0,,,,0,,,,,,,,,,,,,,
385,,,,0,,,,,,,,0,,0,,,,,,,,,,,0,,,,,,0,,,,,0,,0,,,,0,,,,,,,,0,0,,,,,,,,,,,0,,,,,,,,,,,,,,,,0,,,,0,,,,,,,,,,,,,,
386,,,,0,,,,,,,,0,,0,,,,,,,,,,,0,,,,,,0,,,,,0,,0,,,,0,,,,,,,,0,0,,,,,,,,,,,,,,,,,,,,,,,,,,,0,,,,0,,,,,,,,,,,,,,
387,,,,0,,,,,,,,0,,0,,,,,,,,,,,0,,,,,,0,,,,,0,,0,,,,0,,,,,,,,0,,,,,,,,,,,,,,,,,,,,,,,,,,,,0,,,,0,,,,,,,,,,,,,,
388,,,,0,,,,,,,,0,,0,,,,,,,,,,,0,,,,,,0,,,,,0,,0,,,,,,,,,,,,0,,,,,,,,,,,,,,,,,,,,,,,,,,,,0,,,,0,,,,,,,,,,,,,,
389,,,,0,,,,,,,,0,,0,,,,,,,,,,,0,,,,,,0,,,,,0,,0,,,,,,,,,,,,0,,,,,,,,,,,,,,,,,,,,,,,,,,,,0,,,,0,,,,,,,,,,,,,,
390,,,,0,,,,,,,,0,,0,,,,,,,,,,,0,,,,,,0,,,,,0,,0,,,,,,,,,,,,0,,,,,,,,,,,,,,,,,,,,,,,,,,,,0,,,,0,,,,,,,,,,,,,,
391,,,,0,,,,,,,,0,,0,,,,,,,,,,,0,,,,,,0,,,,,0,,0,,,,,,,,,,,,0,,,,,,,,,,,,,,,,,,,,,,,,,,,,,,,,0,,,,,,,,,,,,,,
392,,,,0,,,,,,,,0,,0,,,,,,,,,,,0,,,,,,0,,,,,0,,0,,,,,,,,,,,,0,,,,,,,,,,,,,,,,,,,,,,,,,,,,,,,,0,,,,,,,,,,,,,,
393,,,,0,,,,,,,,0,,0,,,,,,,,,,,0,,,,,,0,,,,,0,,0,,,,,,,,,,,,0,,,,,,,,,,,,,,,,,,,,,,,,,,,,,,,,0,,,,,,,,,,,,,,
394,,,,0,,,,,,,,0,,0,,,,,,,,,,,0,,,,,,0,,,,,0,,0,,,,,,,,,,,,0,,,,,,,,,,,,,,,,,,,,,,,,,,,,,,,,0,,,,,,,,,,,,,,
395,,,,0,,,,,,,,0,,0,,,,,,,,,,,0,,,,,,0,,,,,0,,0,,,,,,,,,,,,0,,,,,,,,,,,,,,,,,,,,,,,,,,,,,,,,0,,,,,,,,,,,,,,
396,,,,0,,,,,,,,0,,0,,,,,,,,,,,0,,,,,,,,,,,0,,0,,,,,,,,,,,,0,,,,,,,,,,,,,,,,,,,,,,,,,,,,,,,,0,,,,,,,,,,,,,,
397,,,,0,,,,,,,,0,,0,,,,,,,,,,,0,,,,,,,,,,,0,,0,,,,,,,,,,,,0,,,,,,,,,,,,,,,,,,,,,,,,,,,,,,,,0,,,,,,,,,,,,,,
398,,,,0,,,,,,,,0,,0,,,,,,,,,,,0,,,,,,,,,,,0,,0,,,,,,,,,,,,0,,,,,,,,,,,,,,,,,,,,,,,,,,,,,,,,0,,,,,,,,,,,,,,
399,,,,0,,,,,,,,0,,0,,,,,,,,,,,0,,,,,,,,,,,0,,0,,,,,,,,,,,,0,,,,,,,,,,,,,,,,,,,,,,,,,,,,,,,,0,,,,,,,,,,,,,,
400,,,,0,,,,,,,,,,0,,,,,,,,,,,0,,,,,,,,,,,0,,0,,,,,,,,,,,,0,,,,,,,,,,,,,,,,,,,,,,,,,,,,,,,,0,,,,,,,,,,,,,,
401,,,,0,,,,,,,,,,0,,,,,,,,,,,0,,,,,,,,,,,0,,0,,,,,,,,,,,,,,,,,,,,,,,,,,,,,,,,,,,,,,,,,,,,0,,,,,,,,,,,,,,
402,,,,0,,,,,,,,,,0,,,,,,,,,,,0,,,,,,,,,,,0,,0,,,,,,,,,,,,,,,,,,,,,,,,,,,,,,,,,,,,,,,,,,,,0,,,,,,,,,,,,,,
403,,,,0,,,,,,,,,,0,,,,,,,,,,,0,,,,,,,,,,,0,,0,,,,,,,,,,,,,,,,,,,,,,,,,,,,,,,,,,,,,,,,,,,,0,,,,,,,,,,,,,,
404,,,,0,,,,,,,,,,0,,,,,,,,,,,0,,,,,,,,,,,0,,0,,,,,,,,,,,,,,,,,,,,,,,,,,,,,,,,,,,,,,,,,,,,0,,,,,,,,,,,,,,
405,,,,0,,,,,,,,,,0,,,,,,,,,,,0,,,,,,,,,,,0,,0,,,,,,,,,,,,,,,,,,,,,,,,,,,,,,,,,,,,,,,,,,,,0,,,,,,,,,,,,,,
406,,,,0,,,,,,,,,,0,,,,,,,,,,,0,,,,,,,,,,,0,,0,,,,,,,,,,,,,,,,,,,,,,,,,,,,,,,,,,,,,,,,,,,,0,,,,,,,,,,,,,,
407,,,,0,,,,,,,,,,0,,,,,,,,,,,0,,,,,,,,,,,0,,0,,,,,,,,,,,,,,,,,,,,,,,,,,,,,,,,,,,,,,,,,,,,0,,,,,,,,,,,,,,
408,,,,0,,,,,,,,,,0,,,,,,,,,,,0,,,,,,,,,,,0,,0,,,,,,,,,,,,,,,,,,,,,,,,,,,,,,,,,,,,,,,,,,,,0,,,,,,,,,,,,,,
409,,,,0,,,,,,,,,,0,,,,,,,,,,,0,,,,,,,,,,,0,,0,,,,,,,,,,,,,,,,,,,,,,,,,,,,,,,,,,,,,,,,,,,,0,,,,,,,,,,,,,,
410,,,,0,,,,,,,,,,0,,,,,,,,,,,0,,,,,,,,,,,0,,0,,,,,,,,,,,,,,,,,,,,,,,,,,,,,,,,,,,,,,,,,,,,0,,,,,,,,,,,,,,
411,,,,0,,,,,,,,,,0,,,,,,,,,,,0,,,,,,,,,,,0,,0,,,,,,,,,,,,,,,,,,,,,,,,,,,,,,,,,,,,,,,,,,,,0,,,,,,,,,,,,,,
412,,,,0,,,,,,,,,,0,,,,,,,,,,,0,,,,,,,,,,,0,,0,,,,,,,,,,,,,,,,,,,,,,,,,,,,,,,,,,,,,,,,,,,,0,,,,,,,,,,,,,,
413,,,,0,,,,,,,,,,0,,,,,,,,,,,0,,,,,,,,,,,0,,0,,,,,,,,,,,,,,,,,,,,,,,,,,,,,,,,,,,,,,,,,,,,,,,,,,,,,,,,,,
414,,,,0,,,,,,,,,,0,,,,,,,,,,,0,,,,,,,,,,,0,,0,,,,,,,,,,,,,,,,,,,,,,,,,,,,,,,,,,,,,,,,,,,,,,,,,,,,,,,,,,
415,,,,0,,,,,,,,,,0,,,,,,,,,,,0,,,,,,,,,,,0,,0,,,,,,,,,,,,,,,,,,,,,,,,,,,,,,,,,,,,,,,,,,,,,,,,,,,,,,,,,,
416,,,,0,,,,,,,,,,0,,,,,,,,,,,0,,,,,,,,,,,0,,0,,,,,,,,,,,,,,,,,,,,,,,,,,,,,,,,,,,,,,,,,,,,,,,,,,,,,,,,,,
417,,,,0,,,,,,,,,,0,,,,,,,,,,,0,,,,,,,,,,,0,,0,,,,,,,,,,,,,,,,,,,,,,,,,,,,,,,,,,,,,,,,,,,,,,,,,,,,,,,,,,
418,,,,0,,,,,,,,,,0,,,,,,,,,,,0,,,,,,,,,,,0,,0,,,,,,,,,,,,,,,,,,,,,,,,,,,,,,,,,,,,,,,,,,,,,,,,,,,,,,,,,,
419,,,,,,,,,,,,,,0,,,,,,,,,,,0,,,,,,,,,,,0,,0,,,,,,,,,,,,,,,,,,,,,,,,,,,,,,,,,,,,,,,,,,,,,,,,,,,,,,,,,,
420,,,,,,,,,,,,,,0,,,,,,,,,,,0,,,,,,,,,,,0,,0,,,,,,,,,,,,,,,,,,,,,,,,,,,,,,,,,,,,,,,,,,,,,,,,,,,,,,,,,,
421,,,,,,,,,,,,,,0,,,,,,,,,,,0,,,,,,,,,,,0,,0,,,,,,,,,,,,,,,,,,,,,,,,,,,,,,,,,,,,,,,,,,,,,,,,,,,,,,,,,,
422,,,,,,,,,,,,,,0,,,,,,,,,,,0,,,,,,,,,,,0,,0,,,,,,,,,,,,,,,,,,,,,,,,,,,,,,,,,,,,,,,,,,,,,,,,,,,,,,,,,,
423,,,,,,,,,,,,,,0,,,,,,,,,,,0,,,,,,,,,,,0,,0,,,,,,,,,,,,,,,,,,,,,,,,,,,,,,,,,,,,,,,,,,,,,,,,,,,,,,,,,,
424,,,,,,,,,,,,,,0,,,,,,,,,,,0,,,,,,,,,,,0,,0,,,,,,,,,,,,,,,,,,,,,,,,,,,,,,,,,,,,,,,,,,,,,,,,,,,,,,,,,,
425,,,,,,,,,,,,,,0,,,,,,,,,,,0,,,,,,,,,,,0,,0,,,,,,,,,,,,,,,,,,,,,,,,,,,,,,,,,,,,,,,,,,,,,,,,,,,,,,,,,,
426,,,,,,,,,,,,,,0,,,,,,,,,,,0,,,,,,,,,,,0,,0,,,,,,,,,,,,,,,,,,,,,,,,,,,,,,,,,,,,,,,,,,,,,,,,,,,,,,,,,,
427,,,,,,,,,,,,,,0,,,,,,,,,,,0,,,,,,,,,,,0,,0,,,,,,,,,,,,,,,,,,,,,,,,,,,,,,,,,,,,,,,,,,,,,,,,,,,,,,,,,,
428,,,,,,,,,,,,,,0,,,,,,,,,,,0,,,,,,,,,,,0,,0,,,,,,,,,,,,,,,,,,,,,,,,,,,,,,,,,,,,,,,,,,,,,,,,,,,,,,,,,,
429,,,,,,,,,,,,,,0,,,,,,,,,,,0,,,,,,,,,,,0,,0,,,,,,,,,,,,,,,,,,,,,,,,,,,,,,,,,,,,,,,,,,,,,,,,,,,,,,,,,,
430,,,,,,,,,,,,,,0,,,,,,,,,,,,,,,,,,,,,,0,,0,,,,,,,,,,,,,,,,,,,,,,,,,,,,,,,,,,,,,,,,,,,,,,,,,,,,,,,,,,
431,,,,,,,,,,,,,,0,,,,,,,,,,,,,,,,,,,,,,0,,0,,,,,,,,,,,,,,,,,,,,,,,,,,,,,,,,,,,,,,,,,,,,,,,,,,,,,,,,,,
432,,,,,,,,,,,,,,0,,,,,,,,,,,,,,,,,,,,,,0,,0,,,,,,,,,,,,,,,,,,,,,,,,,,,,,,,,,,,,,,,,,,,,,,,,,,,,,,,,,,
433,,,,,,,,,,,,,,0,,,,,,,,,,,,,,,,,,,,,,0,,0,,,,,,,,,,,,,,,,,,,,,,,,,,,,,,,,,,,,,,,,,,,,,,,,,,,,,,,,,,
434,,,,,,,,,,,,,,0,,,,,,,,,,,,,,,,,,,,,,0,,0,,,,,,,,,,,,,,,,,,,,,,,,,,,,,,,,,,,,,,,,,,,,,,,,,,,,,,,,,,
435,,,,,,,,,,,,,,0,,,,,,,,,,,,,,,,,,,,,,0,,0,,,,,,,,,,,,,,,,,,,,,,,,,,,,,,,,,,,,,,,,,,,,,,,,,,,,,,,,,,
436,,,,,,,,,,,,,,0,,,,,,,,,,,,,,,,,,,,,,0,,0,,,,,,,,,,,,,,,,,,,,,,,,,,,,,,,,,,,,,,,,,,,,,,,,,,,,,,,,,,
437,,,,,,,,,,,,,,0,,,,,,,,,,,,,,,,,,,,,,0,,0,,,,,,,,,,,,,,,,,,,,,,,,,,,,,,,,,,,,,,,,,,,,,,,,,,,,,,,,,,
438,,,,,,,,,,,,,,0,,,,,,,,,,,,,,,,,,,,,,0,,0,,,,,,,,,,,,,,,,,,,,,,,,,,,,,,,,,,,,,,,,,,,,,,,,,,,,,,,,,,
439,,,,,,,,,,,,,,0,,,,,,,,,,,,,,,,,,,,,,0,,0,,,,,,,,,,,,,,,,,,,,,,,,,,,,,,,,,,,,,,,,,,,,,,,,,,,,,,,,,,
440,,,,,,,,,,,,,,0,,,,,,,,,,,,,,,,,,,,,,0,,0,,,,,,,,,,,,,,,,,,,,,,,,,,,,,,,,,,,,,,,,,,,,,,,,,,,,,,,,,,
441,,,,,,,,,,,,,,0,,,,,,,,,,,,,,,,,,,,,,0,,0,,,,,,,,,,,,,,,,,,,,,,,,,,,,,,,,,,,,,,,,,,,,,,,,,,,,,,,,,,
442,,,,,,,,,,,,,,0,,,,,,,,,,,,,,,,,,,,,,0,,,,,,,,,,,,,,,,,,,,,,,,,,,,,,,,,,,,,,,,,,,,,,,,,,,,,,,,,,,,
443,,,,,,,,,,,,,,0,,,,,,,,,,,,,,,,,,,,,,0,,,,,,,,,,,,,,,,,,,,,,,,,,,,,,,,,,,,,,,,,,,,,,,,,,,,,,,,,,,,
444,,,,,,,,,,,,,,0,,,,,,,,,,,,,,,,,,,,,,0,,,,,,,,,,,,,,,,,,,,,,,,,,,,,,,,,,,,,,,,,,,,,,,,,,,,,,,,,,,,
445,,,,,,,,,,,,,,,,,,,,,,,,,,,,,,,,,,,,0,,,,,,,,,,,,,,,,,,,,,,,,,,,,,,,,,,,,,,,,,,,,,,,,,,,,,,,,,,,,
446,,,,,,,,,,,,,,,,,,,,,,,,,,,,,,,,,,,,0,,,,,,,,,,,,,,,,,,,,,,,,,,,,,,,,,,,,,,,,,,,,,,,,,,,,,,,,,,,,
447,,,,,,,,,,,,,,,,,,,,,,,,,,,,,,,,,,,,0,,,,,,,,,,,,,,,,,,,,,,,,,,,,,,,,,,,,,,,,,,,,,,,,,,,,,,,,,,,,
448,,,,,,,,,,,,,,,,,,,,,,,,,,,,,,,,,,,,0,,,,,,,,,,,,,,,,,,,,,,,,,,,,,,,,,,,,,,,,,,,,,,,,,,,,,,,,,,,,
449,,,,,,,,,,,,,,,,,,,,,,,,,,,,,,,,,,,,0,,,,,,,,,,,,,,,,,,,,,,,,,,,,,,,,,,,,,,,,,,,,,,,,,,,,,,,,,,,,
450,,,,,,,,,,,,,,,,,,,,,,,,,,,,,,,,,,,,0,,,,,,,,,,,,,,,,,,,,,,,,,,,,,,,,,,,,,,,,,,,,,,,,,,,,,,,,,,,,
451,,,,,,,,,,,,,,,,,,,,,,,,,,,,,,,,,,,,0,,,,,,,,,,,,,,,,,,,,,,,,,,,,,,,,,,,,,,,,,,,,,,,,,,,,,,,,,,,,
452,,,,,,,,,,,,,,,,,,,,,,,,,,,,,,,,,,,,0,,,,,,,,,,,,,,,,,,,,,,,,,,,,,,,,,,,,,,,,,,,,,,,,,,,,,,,,,,,,
453,,,,,,,,,,,,,,,,,,,,,,,,,,,,,,,,,,,,0,,,,,,,,,,,,,,,,,,,,,,,,,,,,,,,,,,,,,,,,,,,,,,,,,,,,,,,,,,,,
454,,,,,,,,,,,,,,,,,,,,,,,,,,,,,,,,,,,,0,,,,,,,,,,,,,,,,,,,,,,,,,,,,,,,,,,,,,,,,,,,,,,,,,,,,,,,,,,,,
455,,,,,,,,,,,,,,,,,,,,,,,,,,,,,,,,,,,,0,,,,,,,,,,,,,,,,,,,,,,,,,,,,,,,,,,,,,,,,,,,,,,,,,,,,,,,,,,,,
456,,,,,,,,,,,,,,,,,,,,,,,,,,,,,,,,,,,,0,,,,,,,,,,,,,,,,,,,,,,,,,,,,,,,,,,,,,,,,,,,,,,,,,,,,,,,,,,,,
457,,,,,,,,,,,,,,,,,,,,,,,,,,,,,,,,,,,,0,,,,,,,,,,,,,,,,,,,,,,,,,,,,,,,,,,,,,,,,,,,,,,,,,,,,,,,,,,,,
458,,,,,,,,,,,,,,,,,,,,,,,,,,,,,,,,,,,,0,,,,,,,,,,,,,,,,,,,,,,,,,,,,,,,,,,,,,,,,,,,,,,,,,,,,,,,,,,,,
459,,,,,,,,,,,,,,,,,,,,,,,,,,,,,,,,,,,,0,,,,,,,,,,,,,,,,,,,,,,,,,,,,,,,,,,,,,,,,,,,,,,,,,,,,,,,,,,,,
460,,,,,,,,,,,,,,,,,,,,,,,,,,,,,,,,,,,,0,,,,,,,,,,,,,,,,,,,,,,,,,,,,,,,,,,,,,,,,,,,,,,,,,,,,,,,,,,,,